n_1,n_2,n_3,sigma_e,sigma_p,prev,sigma_e_hat,sigma_p_hat,rho_hat,ESE_hat_pi_RG,ASE_hat_pi_RG,coverage_pi_RG,MSE_hat_pi_RG,ESE_hat_pi_SRG,ASE_hat_pi_SRG,coverage_pi_SRG,MSE_hat_pi_SRG,ESE_hat_pi_SRGM,ASE_hat_pi_SRGM,coverage_pi_SRGM,MSE_hat_pi_SRGM,num_infinite_pi_RG,num_infinite_pi_SRG,num_infinite_pi_SRGM,n_strata_obs_full,hat_pi_RG,hat_pi_SRG,hat_pi_SRGM
40,250,2500,0.8,0.8,0.01001302890863757,0.7995,0.799268,0.1491,0.0035207817181604154,0.04986844215252999,0.491,1.0361031510295492e-4,0.02874752320161819,0.04695994306809115,0.947,9.80042818105319e-4,0.02981218055832296,0.046349442394512885,0.943,0.0010900264676922144,0,0,0,882,-95.38844464945856,124.11586215302967,141.9941531682616
40,250,2500,0.8,0.8,0.02001182691043619,0.799425,0.80022,0.153874,0.0034375044427610722,0.04900285722763344,0.479,3.9346235879130756e-4,0.031504044767176914,0.046323140166392135,0.951,0.0010846333029687321,0.03224476048265771,0.04571176007837024,0.948,0.001177183866878945,0,0,0,882,-97.62258387724788,48.22108858890099,58.808025921632684
40,250,2500,0.8,0.8,0.0299500950590778,0.79895,0.79974,0.1585688,0.0045752347762755725,0.04881163457441426,0.42,8.659203959609733e-4,0.03486395350653668,0.046205412498744144,0.942,0.0012569307762007281,0.03500956298298512,0.045614925447706726,0.947,0.0012947005048017384,0,0,0,890,-97.05822571998209,21.805522230635965,27.986306624805696
40,250,2500,0.8,0.8,0.03999187412181451,0.800975,0.800212,0.1632932,0.006273448553390644,0.04795246330228966,0.396,0.001525480616128102,0.03676494503509405,0.045618964795915325,0.956,0.0013649077673601865,0.03697889431787007,0.04500458051272936,0.949,0.0014047635273220756,0,0,0,886,-96.39657083129244,9.553853311638342,15.553951714307704
40,250,2500,0.8,0.8,0.04997626335845337,0.803875,0.801668,0.1683036,0.008085068308349999,0.046908012609558444,0.398,0.002344557467063024,0.0393785249969288,0.044918859307051875,0.961,0.001569329992392744,0.039718925388323216,0.04433446373094075,0.961,0.0016235290015847272,0,0,0,898,-95.52842763787629,8.99591782364035,13.792563975525454
40,250,2500,0.8,0.8,0.06004853633714793,0.800425,0.801436,0.173522,0.009518860666223067,0.04677308920557101,0.358,0.003327091376423429,0.039968169709599675,0.044938643798812905,0.961,0.001610138077253527,0.039658964828284196,0.04435403108199055,0.961,0.0016145662114562776,0,0,0,898,-94.7415086106891,6.293264718266153,10.958960757895111
40,250,2500,0.8,0.8,0.07001591337850442,0.798,0.798612,0.1781988,0.011975351855333381,0.04740215697535214,0.29,0.004462913531597711,0.04218440820410004,0.045577643546720954,0.942,0.0017789299507381473,0.041758957599364314,0.044980028212808616,0.944,0.0017449496693346428,0,0,0,893,-93.87012904979065,-1.554874379129382,2.4250519688445578
40,250,2500,0.8,0.8,0.08000050809077303,0.8022,0.799724,0.1826948,0.01430023569439158,0.046379955618814334,0.262,0.005677139575098379,0.04247864418003412,0.04486741198180591,0.947,0.0018031616470174537,0.041894987751508045,0.044289705774177505,0.955,0.0017552841821994961,0,0,0,884,-92.47278158671234,-0.9107552769547421,1.699885110166228
40,250,2500,0.8,0.8,0.08999472365008586,0.800475,0.799664,0.1880636,0.017745544566212367,0.04614382331782809,0.252,0.006968727776000389,0.04364532791499899,0.04492088080496434,0.948,0.001903028791704701,0.042833502729708345,0.04432940971136686,0.949,0.0018379929995890453,0,0,0,900,-90.64187167435703,-0.15339684857946279,2.5139985088641765
40,250,2500,0.8,0.8,0.09999102616110976,0.80195,0.801044,0.1927916,0.020600709834174218,0.04532972945700755,0.245,0.008182794459174775,0.043457359491725155,0.04446962239176404,0.967,0.0018873429658911624,0.04293456125397829,0.043890311284197465,0.958,0.0018550565563148294,0,0,0,899,-88.0921240517717,0.8303840934053107,3.677745267579715
40,250,2500,0.8,0.8,0.10998195946364372,0.798925,0.800328,0.1975624,0.022512615662868492,0.045487560312715676,0.214,0.009571031706658312,0.04351780854895245,0.044782858042797594,0.96,0.0018919530490559447,0.04240132007713373,0.04420326429037503,0.961,0.0018014425061758461,0,0,0,873,-86.56767623867792,-0.19751199449055223,2.1066983232603294
40,250,2500,0.8,0.8,0.11996015909244344,0.79785,0.8007960000000001,0.2028756,0.026216922461034093,0.045092940821185735,0.226,0.010748841639409938,0.04472989056343233,0.044788688876759304,0.948,0.002000709499643804,0.04377652036399665,0.04421731661173064,0.946,0.0019310200354506072,0,0,0,892,-83.61986874437237,1.163223048788306,3.3915418399542685
40,250,2500,0.8,0.8,0.130005486552786,0.800975,0.801096,0.2075704,0.02863988852975263,0.04455476870132257,0.203,0.011867791988633084,0.044030822285811184,0.04450458181012482,0.959,0.0019394970974606154,0.04401136556972105,0.04397584575833186,0.951,0.0019470393547199594,0,0,0,881,-80.8513739791013,1.2691771129730898,2.6619213698197663
40,250,2500,0.8,0.8,0.1399963391195168,0.800675,0.8001240000000001,0.2128924,0.03143920639150286,0.04443121353265822,0.186,0.01315018938578186,0.04524980067531577,0.04470446781876482,0.948,0.002045733341690099,0.044861768008446046,0.044146028751522334,0.958,0.0020185532646161686,0,0,0,863,-78.77697214539599,0.34732017851815766,2.0187933045003623
40,250,2500,0.8,0.8,0.14995432742463768,0.799575,0.80066,0.2179092,0.03363231159851431,0.04426988425824039,0.172,0.013950100555527303,0.04561694029402059,0.04488360722579265,0.958,0.002080154561556857,0.04463066492161388,0.04432490399092873,0.957,0.0020020962168616355,0,0,0,883,-75.5069088747395,0.7691367295179857,2.3284987638286845
40,250,2500,0.8,0.8,0.15996261543922463,0.80285,0.800112,0.2226604,0.034015271568155155,0.043891567985804444,0.136,0.015266720802246293,0.04318322567039871,0.04467994849797318,0.969,0.0018629390347946599,0.0425612856275245,0.044123888446254374,0.971,0.0018129206319146527,0,0,0,906,-74.26050942815385,0.07085548323116322,1.1302980925519415
40,250,2500,0.8,0.8,0.1700172154292447,0.8008,0.800196,0.2284472,0.037196993524890636,0.04376696494323043,0.153,0.01572129708029143,0.04474371895208385,0.044905677977051514,0.961,0.002000253705614141,0.044148541636772516,0.04438176595267582,0.965,0.001951473595373877,0,0,0,899,-70.43159250957983,0.2972006844869316,1.2237674850651976
40,250,2500,0.8,0.8,0.1799915042262595,0.8005,0.7995920000000001,0.2330536,0.039476388530494004,0.04379978591289935,0.137,0.016909065222568066,0.04684989946685313,0.045311339291424314,0.95,0.0021927402376383976,0.04593601880736361,0.04475970015935108,0.952,0.002109256314929765,0,0,0,911,-68.8388879287887,-0.08253833334780447,0.6208135734009461
40,250,2500,0.8,0.8,0.19000172131345672,0.79885,0.8008040000000001,0.2388852,0.04032082918196687,0.0434772257894941,0.143,0.016758375555214106,0.04566156808689442,0.04548335878011662,0.961,0.002096157054122024,0.04526658916254041,0.044964060080552766,0.965,0.002069351392075345,0,0,0,891,-64.74744851877749,1.9167574516448092,2.4874174801110684
40,250,2500,0.8,0.8,0.20004395145905793,0.8022,0.79988,0.2436516,0.040067149506241864,0.043226954963757766,0.127,0.017867496470620144,0.04515084508660248,0.04541528610044904,0.969,0.00203659522209412,0.04452980643288816,0.04489512228935376,0.964,0.0019825751486605035,0,0,0,908,-63.75064624874151,-0.09353273483115894,0.6429744321195541
40,250,2500,0.8,0.95,0.01002969325782091,0.79745,0.950484,0.0389288,0.005298085994084779,0.01949493050109538,0.849,9.167156729832524e-5,0.014291388150294786,0.020534967015269877,0.941,2.2131509228316432e-4,0.014702491343649203,0.020287072524546694,0.942,2.4681705537525167e-4,0,0,0,889,-79.53220875500585,41.440828186611895,55.39625822256904
40,250,2500,0.8,0.95,0.01995622486014077,0.80135,0.9500759999999999,0.044552,0.007674443026153716,0.01942714837281094,0.785,3.0045493678908074e-4,0.017374402963304298,0.02062656703066076,0.947,3.065952282303113e-4,0.01755600470598974,0.020374066113614076,0.942,3.250619125191844e-4,0,0,0,900,-77.89061585196424,11.235322608566168,20.755828170794597
40,250,2500,0.8,0.95,0.02998303506037253,0.800325,0.949572,0.0494096,0.010354421922817696,0.019519097716393985,0.674,6.391831706996748e-4,0.019421954896874195,0.020892063628024933,0.945,3.769438714342882e-4,0.019227084028579474,0.020611091212469762,0.937,3.728705284325692e-4,0,0,0,888,-76.93277140368026,-1.0998729840392776,6.29239231186359
40,250,2500,0.8,0.95,0.03998982191519198,0.80265,0.949928,0.0550292,0.012850301034381884,0.019351978557962723,0.625,9.859313098242164e-4,0.02017890001928905,0.020940664009906698,0.941,4.0701083451026864e-4,0.020169314427633055,0.020665524052498496,0.933,4.165821688877497e-4,0,0,0,895,-71.64950087428399,1.1993061245801413,7.981585136972714
40,250,2500,0.8,0.95,0.04997693373634478,0.7963,0.949628,0.0604444,0.014611765228125089,0.019596353472500414,0.542,0.001359540127772058,0.02027691536806227,0.02142368491178011,0.966,4.1101889838290434e-4,0.01990786820337883,0.02110794562719249,0.958,4.0654115328485525e-4,0,0,0,903,-67.74387850729757,1.0526354753573404,6.518914060491096
40,250,2500,0.8,0.95,0.05999804008469641,0.801325,0.949796,0.0654356,0.016434262497897433,0.01941918797777856,0.463,0.0017277513944169906,0.021786024553943573,0.02144470835669189,0.947,4.74256668146004e-4,0.02139915145269656,0.0211279836151184,0.946,4.636279804396496e-4,0,0,0,881,-63.64030317934364,-0.5282037393822654,4.137438763522129
40,250,2500,0.8,0.95,0.07004619283495173,0.7981,0.950144,0.0712208,0.018080707137866917,0.019480671817371023,0.405,0.001987803352442751,0.021932258062514042,0.02178259704049821,0.958,4.8112824425533844e-4,0.02159740499945201,0.021450982877631388,0.939,4.802212845756803e-4,0,0,0,885,-58.1873819345825,1.0922292630055424,5.3872590990871965
40,250,2500,0.8,0.95,0.08001869911696176,0.7996,0.949736,0.076494,0.018487618703309026,0.019581922081923452,0.324,0.002322035926359009,0.022492444318506902,0.022039930346198142,0.946,5.054092388817419e-4,0.021694554766757575,0.021723038478844433,0.943,4.787539888409844e-4,0,0,0,902,-55.616714516731264,-0.08922522319437819,3.658664950464374
40,250,2500,0.8,0.95,0.09000254087659236,0.80025,0.95028,0.0816948,0.01873358738770922,0.019531908230577405,0.295,0.0025851698202398123,0.022165192317325725,0.022269189533373337,0.964,4.908206072205106e-4,0.021690067487775914,0.021908236013238894,0.962,4.798942344524168e-4,0,0,0,894,-52.52215644965659,0.1412099170446559,3.496931029565442
40,250,2500,0.8,0.95,0.09998959295165888,0.80165,0.949944,0.0875144,0.019917359230706397,0.01966468803051751,0.231,0.002901941574899825,0.023177422488990327,0.02263553814778394,0.941,5.366624209139925e-4,0.022590957599113955,0.022259363227508728,0.944,5.199391781990754e-4,0,0,0,901,-50.06154896247004,0.08186567630584281,3.1780916426678774
40,250,2500,0.8,0.95,0.10998377732267732,0.8001,0.9497599999999999,0.0932612,0.01978553893778083,0.019858880900166385,0.212,0.0031446043737271027,0.023428904878546868,0.023052260660070184,0.951,5.484827594806313e-4,0.022479978781916123,0.022671022795881006,0.959,5.159327428633944e-4,0,0,0,894,-47.71073864676157,0.31244714659495004,3.0276846129952797
40,250,2500,0.8,0.95,0.12000102494300824,0.80035,0.950252,0.0983764,0.02047094546773882,0.019927588942835802,0.186,0.0034465335949988006,0.02443022726901836,0.023385945558320832,0.944,5.965169305003495e-4,0.023838920834754647,0.023022729543564404,0.947,5.815978461839349e-4,0,0,0,886,-45.8548534576505,0.4391890760407129,3.1037339520684464
40,250,2500,0.8,0.95,0.12999302190906026,0.801725,0.9498559999999999,0.1043576,0.019444450383251034,0.020092741752098835,0.15,0.003699833516767885,0.02358576959397219,0.023735544284141322,0.961,5.557514460007146e-4,0.02276966226530568,0.023358894627643456,0.964,5.27600659957507e-4,0,0,0,897,-44.339209069720006,0.10661341509435429,2.3911368774615243
40,250,2500,0.8,0.95,0.13999033014304874,0.79525,0.950064,0.1100376,0.020792567807533344,0.020471977096908105,0.173,0.003907049933302846,0.02559868005954641,0.02450651954134194,0.952,6.591913856540559e-4,0.024733432215672348,0.024142640846738384,0.952,6.404844187459781e-4,0,0,0,873,-42.11034761904427,1.524441429625287,3.8701861200391847
40,250,2500,0.8,0.95,0.1500350900899354,0.801025,0.949716,0.1158168,0.020574714329631715,0.020525955638330724,0.125,0.004323228465816916,0.025634534311869427,0.024652105518256244,0.947,6.567414318967056e-4,0.024708087352938595,0.02429695659643035,0.955,6.240877387913742e-4,0,0,0,904,-41.62535933587892,0.34582329995857614,2.5123696024856534
40,250,2500,0.8,0.95,0.1600115479484904,0.79705,0.95016,0.1210256,0.021284362785163626,0.020815233310160244,0.139,0.004582961310809067,0.02610896195723395,0.025298524531769048,0.952,6.834769325590514e-4,0.025374235655209347,0.02491358401619603,0.961,6.647637239939807e-4,0,0,0,896,-40.16467120409371,0.9843220061642266,2.901550603940569
40,250,2500,0.8,0.95,0.16996760807545933,0.8027,0.950116,0.1269756,0.020557822623326776,0.020854079446683313,0.11,0.004925967848761646,0.025010096523990333,0.025449407878794107,0.966,6.254321777675085e-4,0.024701020706764474,0.025073406200184063,0.963,6.235579344621112e-4,0,0,0,898,-39.4840565887022,0.4374213764529591,2.2035672664120556
40,250,2500,0.8,0.95,0.17996214352883552,0.8014,0.94972,0.1327,0.02133713296348458,0.02121113975888493,0.102,0.005312502106506704,0.02632938724282134,0.026037302907293634,0.947,6.925524147200086e-4,0.025656368920443037,0.02565796975616723,0.961,6.671214729271162e-4,0,0,0,895,-38.728749875228814,0.05277065708505528,1.7154405948732578
40,250,2500,0.8,0.95,0.1899721804613199,0.8018,0.95072,0.1385772,0.020735572053657555,0.021320379191741155,0.101,0.00544493300606931,0.026406955299806936,0.026393960206004465,0.963,6.981109651777939e-4,0.025333376665730864,0.026005944575145587,0.963,6.574133023687504e-4,0,0,0,909,-37.278869865900674,0.6406017878127765,2.1235962324012285
40,250,2500,0.8,0.95,0.1999748145936334,0.7983750000000001,0.950272,0.1443416,0.021438486571644055,0.02183758078759525,0.095,0.005786563044293229,0.02702879961167808,0.027187805535936103,0.96,7.311973304233772e-4,0.02652090004329624,0.026792424981083533,0.961,7.181590242380323e-4,0,0,0,898,-36.49916413718007,0.5857097322685557,1.969019350781298
40,250,2500,0.8,0.99,0.00997509689676681,0.803075,0.989908,0.0121004,0.005406538518411473,0.00814426159125415,0.913,5.413676294562016e-5,0.008362671548569133,0.009269952833643649,0.902,7.094314596703693e-5,0.008281299236355514,0.009168827456820374,0.891,7.163518677685345e-5,0,0,0,898,-50.05995781305098,10.412483222999246,17.718540217840207
40,250,2500,0.8,0.99,0.02000962266160956,0.798575,0.990088,0.017238,0.007209125596168345,0.008373021873212243,0.858,1.4877191060515968e-4,0.010042249744372215,0.009920106244449037,0.938,1.0088456538521177e-4,0.009856727510681534,0.009772873009457311,0.925,9.90330422510074e-5,0,0,0,912,-49.18314235478406,1.8607722314929878,7.023569049873251
40,250,2500,0.8,0.99,0.03004696682255907,0.801,0.989528,0.0227604,0.008175606879913902,0.008815788484991493,0.699,2.6729615815568775e-4,0.010673599604091793,0.010671652353386834,0.958,1.1397625531818468e-4,0.010460250780224665,0.010511532394475371,0.948,1.1035660276345411e-4,0,0,0,895,-47.128201282231764,-1.3496453198135747,3.408968293325478
40,250,2500,0.8,0.99,0.04002529700953913,0.802525,0.989708,0.0279288,0.009109766039190071,0.008992277896171071,0.485,3.946942749753121e-4,0.01155836946163158,0.011222265498899608,0.951,1.3384818820466978e-4,0.011027968009997707,0.0110028695335298,0.957,1.2225765703156155e-4,0,0,0,889,-44.11599995441645,-1.5519984706379781,2.1826449955802225
40,250,2500,0.8,0.99,0.04997475511779414,0.800525,0.989756,0.0334656,0.009274221607103936,0.009285864438713378,0.352,5.038218140262699e-4,0.011959935875705353,0.011867504770108414,0.963,1.4296012976761785e-4,0.011522545319765763,0.011652073292493096,0.963,1.3528526475930288e-4,0,0,0,887,-40.90569391465209,-0.5026627214281958,3.2567837642831177
40,250,2500,0.8,0.99,0.05995826772692689,0.8034,0.989864,0.0390688,0.009480644425656786,0.009544182584097118,0.28,6.3350914459485e-4,0.012533828868917494,0.012429803839283049,0.962,1.569981755656552e-4,0.012022594442912192,0.012222856257473167,0.956,1.4863530808323572e-4,0,0,0,922,-38.889928325098296,-0.40307033063369085,3.4330800745063574
40,250,2500,0.8,0.99,0.07001838568357545,0.7997,0.990212,0.044654,0.009964865791510149,0.009844958978104326,0.215,7.584928969003636e-4,0.013458818105339703,0.013083088643509723,0.946,1.8110656971107288e-4,0.012871083681528757,0.012844617811658928,0.944,1.73883188023967e-4,0,0,0,902,-36.671388257451355,0.5492983060545644,4.135376306758192
40,250,2500,0.8,0.99,0.07998718553118006,0.8,0.989936,0.050362,0.010344384147426743,0.010282250116813949,0.18,9.324544563651275e-4,0.014015489618573424,0.013833100615035857,0.96,1.9674841941261638e-4,0.013565193722593578,0.013575176362114895,0.957,1.9414054912843582e-4,0,0,0,907,-35.92134895974573,0.89361260043564394,4.014307736735881
40,250,2500,0.8,0.99,0.09000958411136198,0.802925,0.990352,0.055704,0.009975538013029714,0.010475344693100751,0.141,0.001102825625705435,0.014243220933359236,0.014335151013745408,0.963,2.0329353126629434e-4,0.013731211482103099,0.014052026523631227,0.971,1.9983132744102325e-4,0,0,0,917,-35.19259365872067,0.8797618383638787,3.7632500993452798
40,250,2500,0.8,0.99,0.09998699375973154,0.803925,0.989976,0.0610956,0.010580794800386113,0.010927692349262766,0.098,0.0013585546615815839,0.01477677232719286,0.014954961763153774,0.954,2.183103762592602e-4,0.01443161730901396,0.014660268711498003,0.965,2.1255276290475217e-4,0,0,0,888,-35.31342181879136,-0.41925477973384034,2.119109335523309
40,250,2500,0.8,0.99,0.1099986363328889,0.7996,0.99018,0.067062,0.011155075541566755,0.011413631245619905,0.109,0.0015010714332521304,0.015599466047018905,0.015815185431627507,0.957,2.443793422579873e-4,0.014956555447148051,0.015474494939319627,0.963,2.3602236531007644e-4,0,0,0,895,-33.73198073705167,1.0282683700559405,3.220264365395015
40,250,2500,0.8,0.99,0.11997043980813056,0.797225,0.990264,0.0727188,0.011893697196050929,0.011897479155228765,0.126,0.00170217369339151,0.016929112741119603,0.016595483921644047,0.952,2.9005405287872444e-4,0.016021030377736726,0.016268699050227358,0.968,2.761694549003759e-4,0,0,0,892,-32.93116127019798,1.6132342546902025,3.7045813523315307
40,250,2500,0.8,0.99,0.12995643641054394,0.80025,0.99012,0.0784504,0.012384367524482139,0.012284370851306053,0.09,0.0019788604964113576,0.0172005031593375,0.01713739868604792,0.957,2.963413730044096e-4,0.016521102981403732,0.016806618626203022,0.971,2.8633669261501e-4,0,0,0,883,-32.87834386132291,0.6795597043957167,2.844277684227389
40,250,2500,0.8,0.99,0.14004930332019855,0.795275,0.989884,0.0840196,0.013042171034455976,0.012927624059647503,0.1,0.002227079501178853,0.0185752096718888,0.018093264830301298,0.953,3.467176780613926e-4,0.018097313338168136,0.017758941212654873,0.961,3.445830593374139e-4,0,0,0,872,-32.38561676245748,1.0159134551690614,2.978286611509504
40,250,2500,0.8,0.99,0.14998970512565934,0.7988999999999999,0.989828,0.0900244,0.013775882640925151,0.013312494449433642,0.092,0.0025017755841097475,0.019951849931658192,0.018647577112653562,0.946,3.993910145997853e-4,0.019218604564046865,0.018307832282754948,0.954,3.8570491659801494e-4,0,0,0,902,-32.05902772484314,0.872546808258088,2.7261535955652185
40,250,2500,0.8,0.99,0.16002395839034686,0.800025,0.990208,0.095788,0.013731808790954307,0.01367237996108533,0.092,0.0027425787037576276,0.019414273659918737,0.019178957301427393,0.957,3.7782619384808987e-4,0.018548460277842727,0.0188566283990999,0.972,3.5898838128937385e-4,0,0,0,881,-31.5822335125572,0.709505813641754,2.443300058814495
40,250,2500,0.8,0.99,0.17003370860302072,0.79975,0.989704,0.1017932,0.014758427650372616,0.014266662024534155,0.094,0.0030661848859588814,0.02130054699475405,0.019995782010319502,0.938,4.548100563777307e-4,0.02050539503572663,0.019648499117285886,0.951,4.353183970010723e-4,0,0,0,909,-31.389186505996616,0.7323122397060259,2.29800498245861
40,250,2500,0.8,0.99,0.18003609423702938,0.800475,0.990052,0.1080208,0.014926258072665993,0.014699572756016509,0.09,0.003270450878712694,0.021318353170809805,0.020620790961147273,0.948,4.5700991418318453e-4,0.02048331388405661,0.02027735208615215,0.96,4.4035107663538555e-4,0,0,0,900,-30.66474689965242,0.960806759088048,2.5577281626293815
40,250,2500,0.8,0.99,0.18998320494068952,0.7976,0.989672,0.1137528,0.015138190875242005,0.015341483630924068,0.083,0.003575567966579485,0.021946233261262507,0.021439361829875995,0.934,4.831990118321751e-4,0.021202299670070337,0.02110356003787203,0.957,4.6667094029941193e-4,0,0,0,898,-30.45010467775279,0.7524394208709814,2.2071449964627003
40,250,2500,0.8,0.99,0.1999864937249308,0.7978,0.989684,0.1197616,0.015737238128647774,0.01587061364534792,0.086,0.003862730520927969,0.022173946964500715,0.022164039057075133,0.945,4.944075342508946e-4,0.022034939181558064,0.021830759580690803,0.95,5.056523595459686e-4,0,0,0,893,-30.06578562864257,0.8966226214049114,2.2694787861380252
40,250,2500,0.99,0.8,0.0099970067384513,0.99025,0.800672,0.1506204,0.002483891397132074,0.0352488057457419,0.477,1.0041811936839714e-4,0.02298546356608907,0.03459081338358202,0.938,6.270424957918796e-4,0.023306614698655737,0.0341589197814614,0.933,6.682845631741907e-4,0,0,0,880,-97.11386290039925,99.64874735570153,112.11811401667998
40,250,2500,0.99,0.8,0.01999489342269796,0.9897,0.7992640000000001,0.1569328,0.002863371878159129,0.03527544743857981,0.419,3.9002692263897707e-4,0.024648147608764777,0.03456349950064603,0.953,6.29403699070875e-4,0.024807430157442464,0.034115770919180055,0.953,6.551273592679322e-4,0,0,0,909,-97.72810309069234,23.712619908622393,31.76270678521535
40,250,2500,0.99,0.8,0.0300442431852601,0.990025,0.8004760000000001,0.1631464,0.004753077117741744,0.03486424309146541,0.382,8.673040697359819e-4,0.027788365492688177,0.034132181880474795,0.952,7.831339965597946e-4,0.027713147583049217,0.03368087731115602,0.945,7.950672386281322e-4,0,0,0,875,-96.73841223274776,11.391254689195126,17.554626711934166
40,250,2500,0.99,0.8,0.04003062990825246,0.9899249999999999,0.800312,0.16954,0.007435078207226088,0.03469467067659756,0.351,0.0015077404256361342,0.029982914127404788,0.03393456443358466,0.954,9.008124618065873e-4,0.03015622520352467,0.03347827383205984,0.953,9.194930552474656e-4,0,0,0,886,-95.20679302366266,4.132275066841589,8.286925162719266
40,250,2500,0.99,0.8,0.05003347281534559,0.9893,0.80166,0.1759888,0.009342093479812304,0.03430320768734304,0.35,0.002274432200857658,0.03169564621656289,0.033525790077337976,0.945,0.001011971376417549,0.03131758177649075,0.03307168155378688,0.942,9.982449830207346e-4,0,0,0,877,-93.4734009981125,5.779555887741746,8.581418935902054
40,250,2500,0.99,0.8,0.06003772886030546,0.9907,0.7992480000000001,0.182262,0.010618321418875204,0.03438779178608445,0.28,0.003187602457942532,0.03263880579528834,0.03355845637458104,0.949,0.0010660896810469787,0.03216718935471621,0.03309069684735715,0.951,0.0010343288409318367,0,0,0,895,-92.36255457404262,-2.2736337660258736,1.327800555353276
40,250,2500,0.99,0.8,0.07002854811248982,0.989425,0.799868,0.1885712,0.013219703181014663,0.034131128902892466,0.235,0.004211490744704892,0.031232876025929605,0.03327531606968549,0.947,9.750095203230446e-4,0.030626872208732777,0.032802255933986564,0.953,9.380418736735653e-4,0,0,0,900,-90.72963000657549,-1.0021065320425029,1.4097208049330527
40,250,2500,0.99,0.8,0.0799913272512148,0.990125,0.799212,0.1953532,0.015645562983618702,0.03396677018699273,0.224,0.00519338544785017,0.03223024265327622,0.03309115674946493,0.955,0.001044588428102241,0.03152576278399242,0.03261441705699042,0.958,9.930150698126757e-4,0,0,0,897,-87.94458275944247,-3.269212000956542,-0.459710750059284
40,250,2500,0.99,0.8,0.09002049969525262,0.9896,0.80052,0.202058,0.01891247336229567,0.03357714290937538,0.213,0.00610247211551678,0.03164260594464984,0.03268871393747732,0.955,0.0010005035949718227,0.031123172617968056,0.03221767361246965,0.955,9.691998614053672e-4,0,0,0,899,-84.19943877675829,-0.5558049572942273,1.3680430305375417
40,250,2500,0.99,0.8,0.09999684164994932,0.990575,0.800184,0.2082904,0.021057655984798744,0.03337699538701811,0.167,0.007085911307662748,0.0321846294003814,0.032440235950565145,0.943,0.001036003709567826,0.031194882956153767,0.0319739037685901,0.953,9.724042295482571e-4,0,0,0,909,-81.50674506322378,-1.0905344647073898,0.5066002703687027
40,250,2500,0.99,0.8,0.11001872956596127,0.990425,0.8001280000000001,0.2153464,0.024573987658809974,0.033172206478489084,0.161,0.007884392342917186,0.032272544149780806,0.032200107097906217,0.95,0.0010406300040282182,0.031752963753678004,0.03174477897619035,0.943,0.001007979918745474,0,0,0,899,-77.5590230811711,-0.3571728565079925,0.7805546029656122
40,250,2500,0.99,0.8,0.11996379450945042,0.989675,0.799604,0.2218808,0.026174977040779594,0.03305437446982571,0.134,0.008752853270065761,0.031226661000228993,0.03203709359024658,0.959,9.746898867923601e-4,0.0306103469024495,0.03157545401967048,0.956,9.36308227884192e-4,0,0,0,885,-74.87619345699348,-0.624150745215978,0.41835972285434436
40,250,2500,0.99,0.8,0.13004961209320756,0.989875,0.797988,0.2287804,0.027156840735658876,0.03303703029912974,0.098,0.009581329924245681,0.03155429516969227,0.03199281205530024,0.956,0.0010019135984206745,0.030844016848289215,0.03151365843729015,0.954,9.523984761687289e-4,0,0,0,890,-72.31516551634313,-2.0683882620902354,-1.086477196042131
40,250,2500,0.99,0.8,0.14003864801954624,0.9899749999999999,0.801224,0.2357904,0.028783816051073274,0.03237219395774936,0.101,0.00944727048868592,0.03090942089655613,0.03136700017142058,0.944,9.551952559488299e-4,0.030227645942536695,0.030887054514797844,0.947,9.164806555118398e-4,0,0,0,902,-66.29723536923903,0.6218510742772787,1.3705640566112502
40,250,2500,0.99,0.8,0.15003655866576823,0.990525,0.798664,0.2421164,0.030391638560572448,0.032492392348552335,0.09,0.010518539255803178,0.031974539908364005,0.031414663101038756,0.931,0.0010315361474140838,0.03147707118409476,0.03093617001646684,0.941,9.9337475271237e-4,0,0,0,881,-65.28956171519943,-2.1273198875413115,-1.2574778867744365
40,250,2500,0.99,0.8,0.16003528029618233,0.99005,0.799888,0.2492908,0.031099983963065295,0.03212268818169036,0.08,0.010599391157666477,0.031588710543081516,0.031056552403805338,0.946,0.00099766400642485511,0.030653850438292614,0.030569615307702244,0.947,9.387351994778551e-4,0,0,0,898,-61.329357119281724,-0.5641849376096764,0.07980479200556485
40,250,2500,0.99,0.8,0.1700268751017646,0.9899,0.799304,0.2565896,0.03163097259652855,0.03197279384107904,0.066,0.0109832076205589,0.030945048120614292,0.030850106152747137,0.956,9.575724100664245e-4,0.030427562357512632,0.030379052539305566,0.954,9.249901747369902e-4,0,0,0,884,-58.76624811094241,-0.5684032274190334,-0.16578965921348532
40,250,2500,0.99,0.8,0.18000354835967625,0.9905,0.7999160000000001,0.2625156,0.031148680833283506,0.03166798497794211,0.057,0.011314760565630074,0.030541974493374997,0.030561825182236747,0.953,9.355435893886213e-4,0.0299675269229305,0.030078147009625234,0.95,8.982006627367124e-4,0,0,0,890,-56.50598847534279,-1.0634284149263442,-0.5681908395345378
40,250,2500,0.99,0.8,0.18995766439541265,0.98995,0.801428,0.2696716,0.03157852458053223,0.03128012816190933,0.063,0.01118017081503337,0.031089732870695146,0.0302038321162593,0.94,9.657918662002527e-4,0.03046987585306869,0.029713959227538698,0.942,9.275027327407683e-4,0,0,0,901,-53.12532791358307,-0.22761625010252132,0.0702577644651283
40,250,2500,0.99,0.8,0.20000638013350108,0.989075,0.800944,0.2775756,0.02984774887048295,0.031116613171908083,0.045,0.011169729723696134,0.029561284564451267,0.02999159059862039,0.946,8.752263170130094e-4,0.028568311963588812,0.029533757529588627,0.954,8.179228369230328e-4,0,0,0,881,-50.692890699531546,0.7467427847913719,0.8047315780346629
40,250,2500,0.99,0.95,0.01001571901797057,0.990025,0.950176,0.0405272,0.005304972136063947,0.015288926554659136,0.817,8.553782121672044e-5,0.012733072176955889,0.016197857614336765,0.94,1.709208610286924e-4,0.01290720000282745,0.016003768187393103,0.924,1.8339251216910527e-4,0,0,0,885,-75.65919109862581,29.872710631210616,41.12188258874492
40,250,2500,0.99,0.95,0.02001987164391627,0.990225,0.950032,0.0470724,0.0071196891788161965,0.015309498748454673,0.738,2.943865409224846e-4,0.014562174320144622,0.01632158315991597,0.941,2.1256090499811585e-4,0.014423693408992418,0.016092089286571208,0.938,2.1366166799671157e-4,0,0,0,910,-77.98455166808435,4.226760625597065,12.05738138758381
40,250,2500,0.99,0.95,0.03000890004869327,0.98935,0.950552,0.053556,0.009912493063651408,0.015229650059172435,0.653,5.504182597721788e-4,0.01635031841398608,0.016361069327681933,0.933,2.6749743403350055e-4,0.01598028249292194,0.01609086064194087,0.927,2.609796417257819e-4,0,0,0,900,-70.86691565590043,2.189872106342746,8.070594005499517
40,250,2500,0.99,0.95,0.04003448969614565,0.99,0.94958,0.0604164,0.012029319048863063,0.015371142620674983,0.533,8.664906187336989e-4,0.01733706915947871,0.01657570515745847,0.931,3.002741931090579e-4,0.016944860460508193,0.016284457648387426,0.927,2.903267008332431e-4,0,0,0,895,-67.11405665444586,-0.0706513306537856,4.6633746628980255
40,250,2500,0.99,0.95,0.05002265548887435,0.990325,0.949068,0.0670724,0.01332745376303774,0.01543228895233742,0.424,0.0011901306023803036,0.016700317508306875,0.016704304723182472,0.948,2.799972568580983e-4,0.016157610791162607,0.01639250482589679,0.938,2.6229433662538e-4,0,0,0,884,-63.61666781647766,-2.3446167096482866,2.4377628130977085
40,250,2500,0.99,0.95,0.06004302171511364,0.990225,0.950116,0.073608,0.015000673480829797,0.015256816907803368,0.348,0.001410250030540816,0.01755338974765814,0.016625278835622457,0.927,3.08483959915318e-4,0.017254084344353,0.01628426087515431,0.916,3.0010438088981766e-4,0,0,0,883,-57.34294160120326,-1.3638478481149687,2.735970213468909
40,250,2500,0.99,0.95,0.07004262562056897,0.990125,0.9498719999999999,0.0806724,0.014459515178977507,0.015300184330028275,0.238,0.0016266263809286195,0.016139746635686236,0.01673360725147275,0.958,2.6030010386563147e-4,0.015698669093664193,0.016365641399744512,0.944,2.502428912890871e-4,0,0,0,873,-53.75744473271892,-0.3754987289770851,2.870046252672108
40,250,2500,0.99,0.95,0.07999254620001235,0.990625,0.949936,0.0876172,0.01471228598368517,0.015273342349512053,0.183,0.0018323648634667913,0.016795895949453396,0.016771973223166488,0.95,2.818687320130333e-4,0.0162311394690333,0.01638231600633554,0.933,2.676134940453038e-4,0,0,0,904,-50.25608103426888,-0.2759145805274275,2.6303162076771875
40,250,2500,0.99,0.95,0.09000174898104508,0.990075,0.949628,0.0941428,0.01555413487179471,0.01532280746340248,0.132,0.0021396425171538113,0.01732089835120694,0.016870491982266426,0.944,3.008486528073058e-4,0.016775799203484654,0.01645422056816046,0.944,2.8298466085911164e-4,0,0,0,895,-48.40517741522374,-1.1837909999436975,1.5066019008841913
40,250,2500,0.99,0.95,0.09998966645041515,0.99085,0.949836,0.1011912,0.015405620779114903,0.015273002721463137,0.084,0.0023464546788512257,0.017140574779973498,0.016869057497625344,0.942,2.942867663435058e-4,0.016431626126501793,0.016440985827805572,0.941,2.72437646531435e-4,0,0,0,895,-45.93250342929699,-0.8839815318344243,1.646167588544468
40,250,2500,0.99,0.95,0.1100002457923486,0.990175,0.9496,0.108854,0.015370062893790044,0.015309715158252064,0.056,0.0025373851727043756,0.017550834475107482,0.016945732787504213,0.947,3.078690519024555e-4,0.016738142205838597,0.016498644217109858,0.948,2.8478409103945246e-4,0,0,0,889,-43.61147295259961,-0.34652021192750254,2.0121182556518558
40,250,2500,0.99,0.95,0.11996997113120277,0.990175,0.9502039999999999,0.1158372,0.015267863668697597,0.015215718284294912,0.032,0.0027251889296605425,0.016802442467908987,0.016913888684844815,0.955,2.8205697006270474e-4,0.0163683330662652,0.016441484547320816,0.95,2.741468165291099e-4,0,0,0,901,-41.612983759724635,0.10937914863760488,2.1238823920397265
40,250,2500,0.99,0.95,0.12997169625857488,0.990525,0.9501919999999999,0.122816,0.015208587409613271,0.015204258159481366,0.022,0.0029905382122235777,0.017051315219228792,0.016915567768254706,0.948,2.9050181512507527e-4,0.016051031308480786,0.01643444373012219,0.942,2.619538888188843e-4,0,0,0,886,-40.41698602875378,-0.1635976154327288,1.6458503598542444
40,250,2500,0.99,0.95,0.1399588870927671,0.98965,0.950036,0.129922,0.015355808870805452,0.01524206205500331,0.017,0.003266186879014596,0.017182838797977145,0.017006067421308592,0.949,2.95027497455042e-4,0.016665406726817742,0.01650817417048638,0.938,2.8140154221703296e-4,0,0,0,885,-39.33375351764639,-0.19277911406412432,1.4188623230367718
40,250,2500,0.99,0.95,0.15003173908438985,0.9899749999999999,0.950172,0.1373104,0.015838202737224534,0.015210524587946726,0.011,0.003517810612724571,0.01761227693675818,0.01699976744109636,0.945,3.101190754345045e-4,0.016740648383826804,0.01648458120124608,0.933,2.8410805464425986e-4,0,0,0,883,-38.09829736406476,-0.3244609792245271,1.3560145238484556
40,250,2500,0.99,0.95,0.16000807434894465,0.990425,0.94988,0.1446396,0.01608831514804828,0.015236404929841928,0.009,0.003818902980461924,0.017757561135776867,0.01703446782807706,0.937,3.1549090445857594e-4,0.017121729070247668,0.0165078041586853,0.934,2.9461031249676203e-4,0,0,0,906,-37.29092034899779,-0.4308467232903941,0.826722432375439
40,250,2500,0.99,0.95,0.1699989009190979,0.990325,0.950044,0.1518472,0.01544461855706095,0.015210213013990616,0.002,0.00405928364660236,0.017505492224716264,0.017027046213696096,0.948,3.0703827642969026e-4,0.016865291579394287,0.016487550881612207,0.944,2.860074225785603e-4,0,0,0,898,-36.36148456476537,-0.5588149619701684,0.8009130929224823
40,250,2500,0.99,0.95,0.179974080213286,0.989325,0.950032,0.1596564,0.015017212040209489,0.015235887006554802,0.004,0.004240784846408784,0.017127675027729074,0.017094575848191528,0.95,2.931356798993401e-4,0.01628868159869839,0.016534683112870638,0.946,2.7067104309414576e-4,0,0,0,896,-35.209471965443065,0.1488702042203895,1.3166588767787453
40,250,2500,0.99,0.95,0.18998640636826025,0.990225,0.95044,0.1667848,0.015575606956866843,0.015158854462611365,0.003,0.004534183245680047,0.017880316989524494,0.0170333085913631,0.946,3.195416599189564e-4,0.017019988631215385,0.01646108952838841,0.949,2.9138479525664336e-4,0,0,0,895,-34.4824838113171,-0.2076462741420979,0.7433449300385758
40,250,2500,0.99,0.95,0.20001311649387307,0.98995,0.950012,0.1749824,0.015087623103600083,0.015219463890024902,0,0.004738242811840261,0.016839533714866396,0.017073064236922644,0.954,2.8328658066453793e-4,0.01609239366330196,0.01650511262943898,0.946,2.625383729039811e-4,0,0,0,896,-33.579169406860466,-0.007981114099177174,0.9787366374216638
40,250,2500,0.99,0.99,0.00998797039377706,0.9909,0.99026,0.0132484,0.00469773162299728,0.006419180394149948,0.923,4.664242283946622e-5,0.00688063345089886,0.0073545766252673854,0.916,4.7675529034698624e-5,0.006822983757823088,0.007283253750076731,0.902,4.84692993179812e-5,0,0,0,906,-49.65389375488402,6.169852338554749,14.026673912626167
40,250,2500,0.99,0.99,0.01996259843711684,0.989375,0.9903,0.0197724,0.006407283520046403,0.006620794115492547,0.8,1.292971184464469e-4,0.00815701306398426,0.007927881184584673,0.93,6.657104314413288e-5,0.008029526378595248,0.00777251148357174,0.904,6.599995237329941e-5,0,0,0,889,-47.068040502561324,1.5897770299046285,6.318820339721838
40,250,2500,0.99,0.99,0.02996439936263179,0.99035,0.989912,0.0266416,0.00673113285663299,0.006952099347399765,0.561,2.1637075496096922e-4,0.008514686872787192,0.008473582912189812,0.943,7.245599815461405e-5,0.00826503535898088,0.008303710008816042,0.93,6.965416139207902e-5,0,0,0,896,-43.65454551676407,-0.5644418895114417,3.9651525062494617
40,250,2500,0.99,0.99,0.03996383152686389,0.9899749999999999,0.990384,0.03319,0.007124835870507554,0.006975976168685407,0.324,3.051446192745747e-4,0.009194309220496752,0.008830409409188637,0.933,8.458334502082918e-5,0.008617124915185546,0.008560660097921594,0.935,7.689911163261756e-5,0,0,0,891,-39.913409575039296,0.9110376908289902,4.1257178094191
40,250,2500,0.99,0.99,0.04998924394273333,0.9895,0.99032,0.0400092,0.006908341421431174,0.007173354937073633,0.151,4.107442589159316e-4,0.009157571275873735,0.00921734352008488,0.955,8.386895961404672e-5,0.00866580720442953,0.008942647466498314,0.934,7.91850403111432e-5,0,0,0,885,-38.11682358300681,0.605800372599763,4.082016215010447
40,250,2500,0.99,0.99,0.06001906055640952,0.990275,0.990004,0.0468776,0.007904855617708852,0.007404736098361719,0.078,5.654704442994173e-4,0.01022254099914546,0.009603569537322276,0.938,1.0454339849319742e-4,0.009673014437448947,0.00929560395322922,0.929,9.581298010199633e-5,0,0,0,899,-37.36928066971206,-0.6400101001403821,2.548340095760408
40,250,2500,0.99,0.99,0.07001732380635523,0.989675,0.989568,0.0538784,0.007858242116315625,0.007682756569830867,0.039,7.211108994091631e-4,0.01036276058761005,0.010047168701570087,0.946,1.0744451661198082e-4,0.009694115529665282,0.00968984114106221,0.948,9.611034007930169e-5,0,0,0,887,-36.675477337717126,-0.5803143695521917,2.132038145409444
40,250,2500,0.99,0.99,0.0799839706773931,0.99005,0.990032,0.0611824,0.007747388466017057,0.00772864563324272,0.016,8.299859421803989e-4,0.010556158850111231,0.010232765348227313,0.945,1.1134982670674937e-4,0.009859401340926386,0.009856312838975787,0.94,1.0260591730185567e-4,0,0,0,885,-34.693582867186954,0.21206226975892775,2.930852349836029
40,250,2500,0.99,0.99,0.08996906525031523,0.99055,0.990204,0.0676896,0.0077122388995242725,0.007824944934538811,0.005,0.0010177402544371437,0.01060946773355694,0.010464846385978308,0.953,1.124517857758749e-4,0.009937961076288386,0.010043887041695957,0.942,1.0235533437707212e-4,0,0,0,890,-34.40822883246511,-0.06614077345476126,2.135405752043969
40,250,2500,0.99,0.99,0.1000373569618429,0.989425,0.990148,0.0749912,0.008125160343121508,0.008010964462885854,0.006,0.0011916984249072747,0.01103434443726755,0.01079009481851605,0.943,1.2167198913116954e-4,0.010461270805934621,0.010330066453926222,0.941,1.153689534166751e-4,0,0,0,877,-33.53961231802932,0.1922527186297109,2.456765023775946
40,250,2500,0.99,0.99,0.11003730903978154,0.98995,0.989852,0.0825364,0.00838277591381526,0.008213146509259145,0.002,0.0013780448377247408,0.011401023984766993,0.011069362754375879,0.947,1.3031379752003228e-4,0.010723108461683858,0.010578244372922537,0.938,1.2286770433350154e-4,0,0,0,884,-32.86533324790393,0.6166564017683653,2.5700454865800326
40,250,2500,0.99,0.99,0.12002299883861128,0.98965,0.989764,0.0892768,0.00846723919592022,0.008367780913040697,0.001,0.0016191250025852344,0.01145578718114339,0.011279382745821296,0.945,1.3125298573579501e-4,0.010736493433009885,0.010777061580144652,0.951,1.1896552062083835e-4,0,0,0,893,-32.77564250844324,-0.3217828989886414,1.6259702750005989
40,250,2500,0.99,0.99,0.1299884567340108,0.990175,0.990136,0.096606,0.008242649204436625,0.008416946792520204,0,0.0017917468247694364,0.011586655499778258,0.011429617580104115,0.95,1.341177511146516e-4,0.01062098306567948,0.010887352104499249,0.941,1.17472195036742e-4,0,0,0,900,-31.940955895768884,-0.028948855991149377,1.6818853843282608
40,250,2500,0.99,0.99,0.1399518562503836,0.9896,0.990272,0.1039252,0.00868793261165975,0.008541134963094431,0,0.0019963902832671517,0.011664836799155464,0.0116273672121103,0.953,1.3607814703797685e-4,0.011042047126374565,0.011076300037638678,0.942,1.2948818743641497e-4,0,0,0,892,-31.317233505722047,0.2728330500359321,1.9805941904236268
40,250,2500,0.99,0.99,0.1499549812807468,0.98995,0.989552,0.1110752,0.00898412683828903,0.008806566632063237,0.001,0.002312545744703903,0.012094446137148291,0.011909667834651978,0.945,1.463526187363236e-4,0.011223586281782405,0.01133641830663489,0.958,1.29481893028399e-4,0,0,0,906,-31.504865456829652,-0.3151021531630379,1.2721212675475777
40,250,2500,0.99,0.99,0.15999860439628813,0.9902,0.989652,0.1183412,0.0089228585441661,0.008915511927761565,0,0.0025586149426511324,0.01216716793196975,0.012046199803332701,0.948,1.4869507964132198e-4,0.011583462667501881,0.011455809490504629,0.946,1.3721364288998914e-4,0,0,0,897,-31.119228905473285,-0.5601193173402161,1.1130033009369726
40,250,2500,0.99,0.99,0.16996150113827171,0.9904499999999999,0.98996,0.1261976,0.009165140890740666,0.008978536720249715,0,0.002735179715572692,0.012807628641423131,0.012146410142826929,0.93,1.6390421474810548e-4,0.011738792912684612,0.011540140699414758,0.94,1.4310029355502969e-4,0,0,0,881,-30.295346331239518,-0.10671825064640736,1.3721523520448986
40,250,2500,0.99,0.99,0.17998858635186463,0.989575,0.989764,0.1336248,0.009269278829058902,0.009167586215283678,0,0.0030017339494372132,0.0125709639061836,0.012371088263695063,0.943,1.5808682325990742e-4,0.011829095811501116,0.011749884504356196,0.945,1.423911415866489e-4,0,0,0,896,-30.001389698739064,-0.25804716681234885,0.8964765713685461
40,250,2500,0.99,0.99,0.18996993775748464,0.9901,0.990156,0.1415396,0.009590999949105467,0.009212554217169365,0,0.0031856067542618905,0.012786272374515727,0.012461012274562441,0.946,1.635320759416928e-4,0.012036935378185242,0.011828102348001353,0.946,1.5144426492488133e-4,0,0,0,900,-29.2789179559325,0.2393833982558594,1.3626864197901152
40,250,2500,0.99,0.99,0.20000797688283928,0.989075,0.99044,0.1492232,0.009322044417626582,0.009334020379748245,0,0.0033825787125680838,0.012658911545815221,0.012620671835221246,0.949,1.605139370645707e-4,0.011812273372342622,0.01195839053532641,0.953,1.4609637473114422e-4,0,0,0,897,-28.70323247198295,0.32638535137968055,1.2947555178961465
