n_1,n_2,n_3,sigma_e,sigma_p,prev,hat_pi,hat_pi_st,hat_pi_mst,num_infinite_pi,num_infinite_pi_st,num_infinite_pi_mst,n_strata_obs_full
30,30,500,0.7,0.7,0.004999999948890896,1259.7987628098085,1345.0534595316283,1333.419393706508,0,0,0,0
30,30,500,0.7,0.7,0.05000000238954469,81.05107435315301,106.74151184878723,105.5465339376558,0,0,0,0
30,30,500,0.7,0.7,0.2999999902197356,-24.6213848375582,-3.0664048714773613,-1.6899126478622684,0,0,0,0
30,30,500,0.7,0.95,0.004999999948890896,474.3645869054882,499.4052258661786,503.8854874053228,0,0,0,0
30,30,500,0.7,0.95,0.05000000238954469,-6.285881005595011,19.073014699533026,22.782456211502282,0,0,0,0
30,30,500,0.7,0.95,0.2999999902197356,-25.03862323279007,-1.3588912588033122,-0.11185943351027872,0,0,0,0
30,30,500,0.7,1,0.004999999948890896,-31.5504789850522,2.561981760588563,19.36617913533827,0,0,0,0
30,30,500,0.7,1,0.05000000238954469,-30.383750477125133,-0.39675971160811396,3.1335526333278705,0,0,0,0
30,30,500,0.7,1,0.2999999902197356,-23.630065088205065,-0.6517053318858698,0.7747966721352401,0,0,0,0
30,30,500,0.95,0.7,0.004999999948890896,832.6159164814566,869.0547500244569,865.6750866956122,0,0,0,0
30,30,500,0.95,0.7,0.05000000238954469,30.445404780652723,53.19965168822361,54.56507413830355,0,0,0,0
30,30,500,0.95,0.7,0.2999999902197356,-26.66430571114795,-4.177954701236011,-1.6172935592452446,0,0,0,0
30,30,500,0.95,0.95,0.004999999948890896,291.877490574993,318.5569999609186,325.7769996603694,0,0,0,0
30,30,500,0.95,0.95,0.05000000238954469,-16.527242931671154,10.118000682597955,14.824014399359802,0,0,0,0
30,30,500,0.95,0.95,0.2999999902197356,-25.43767215435774,-2.5689243478539265,-0.6830515495497168,0,0,0,0
30,30,500,0.95,1,0.004999999948890896,-30.68688287534278,2.817012115034166,14.802140071829339,0,0,0,0
30,30,500,0.95,1,0.05000000238954469,-31.060983601207173,-1.9573967838612387,1.352695662462603,0,0,0,0
30,30,500,0.95,1,0.2999999902197356,-24.04644778870264,-1.132182269994784,0.3467509461163988,0,0,0,0
30,30,500,1,0.7,0.004999999948890896,863.8006060575244,919.3050721148026,916.3732373694178,0,0,0,0
30,30,500,1,0.7,0.05000000238954469,17.443534713608905,37.16267686132204,40.71407445704984,0,0,0,0
30,30,500,1,0.7,0.2999999902197356,-27.064967865426905,-3.954592338658311,-1.5213935756239767,0,0,0,0
30,30,500,1,0.95,0.004999999948890896,255.1111366348083,274.4125725085827,280.5322315225288,0,0,0,0
30,30,500,1,0.95,0.05000000238954469,-20.035129163683457,5.294831663190711,9.86420333434621,0,0,0,0
30,30,500,1,0.95,0.2999999902197356,-25.085918820363688,-2.1404187205439933,-0.32588401452590937,0,0,0,0
30,30,500,1,1,0.004999999948890896,-32.31999930818711,3.1813188363537646,13.47006427181929,0,0,0,0
30,30,500,1,1,0.05000000238954469,-32.38000323162003,-2.6319884435739813,0.10582244742222377,0,0,0,0
30,30,500,1,1,0.2999999902197356,-24.227330863077544,-1.5734956064527454,0.1599194412878664,0,0,0,0
30,30,5000,0.7,0.7,0.004999999948890896,1325.0054652164633,1348.1275629584395,1345.8182433557215,0,0,0,485
30,30,5000,0.7,0.7,0.05000000238954469,84.79104054212179,102.09779908506292,104.37536110910143,0,0,0,474
30,30,5000,0.7,0.7,0.2999999902197356,-27.57975326953431,-5.0261139938784805,-4.631819324933538,0,0,0,493
30,30,5000,0.7,0.95,0.004999999948890896,454.29736677937365,473.663960168282,478.0619223725061,0,0,0,476
30,30,5000,0.7,0.95,0.05000000238954469,-6.450042814184168,19.273872588801186,21.97202352548253,0,0,0,460
30,30,5000,0.7,0.95,0.2999999902197356,-25.171480637736956,-0.20005537875309323,-0.3084271201246345,0,0,0,525
30,30,5000,0.7,1,0.004999999948890896,-33.212005027390745,-0.23674535952160164,0.8310208224800552,0,0,0,475
30,30,5000,0.7,1,0.05000000238954469,-30.99292297195177,1.7346993673412094,1.7319409127371868,0,0,0,477
30,30,5000,0.7,1,0.2999999902197356,-23.064190586219954,1.770924154876415,1.2553777002930753,0,0,0,499
30,30,5000,0.95,0.7,0.004999999948890896,811.9994316415604,830.5321763038428,832.3119098170073,0,0,0,470
30,30,5000,0.95,0.7,0.05000000238954469,23.169266394500966,41.83873262488887,44.81678018350258,0,0,0,482
30,30,5000,0.95,0.7,0.2999999902197356,-27.59172232259141,-3.4030401713309004,-2.540106340656843,0,0,0,480
30,30,5000,0.95,0.95,0.004999999948890896,308.4531269348781,327.79144958177625,330.943497644598,0,0,0,498
30,30,5000,0.95,0.95,0.05000000238954469,-24.396246471229087,1.1416926853552656,3.4184948103166453,0,0,0,456
30,30,5000,0.95,0.95,0.2999999902197356,-25.238444020865067,-0.6909602237314272,-0.46194262858827256,0,0,0,461
30,30,5000,0.95,1,0.004999999948890896,-33.99939031520683,-0.8914180650089333,-0.5135472718642152,0,0,0,483
30,30,5000,0.95,1,0.05000000238954469,-32.01431309981242,0.4657857796698804,0.5017709606391909,0,0,0,464
30,30,5000,0.95,1,0.2999999902197356,-24.44708325301853,0.14807973728853385,0.020802595343504877,0,0,0,473
30,30,5000,1,0.7,0.004999999948890896,776.1806450514672,796.4311388523395,799.9233220622654,0,0,0,461
30,30,5000,1,0.7,0.05000000238954469,20.72659865077846,40.673152749022954,43.19840180485084,0,0,0,452
30,30,5000,1,0.7,0.2999999902197356,-24.984467878644384,-0.8288092383411358,-0.027276493493234362,0,0,0,489
30,30,5000,1,0.95,0.004999999948890896,286.56686109427426,303.2621906553145,307.3390410493565,0,0,0,506
30,30,5000,1,0.95,0.05000000238954469,-18.93951520400226,6.8628997243954935,9.398814871579996,0,0,0,467
30,30,5000,1,0.95,0.2999999902197356,-24.891388468968476,-0.33303063965983637,-0.11455929162825326,0,0,0,499
30,30,5000,1,1,0.004999999948890896,-32.84399931354353,0.3484810378035237,1.3470671913541004,0,0,0,492
30,30,5000,1,1,0.05000000238954469,-32.19040324068124,0.14732295038915355,0.32809389575201703,0,0,0,485
30,30,5000,1,1,0.2999999902197356,-24.494864205132696,-0.0028509215484827407,-0.048403690854298846,0,0,0,483
30,30,20000,0.7,0.7,0.004999999948890896,1292.936845620333,1311.633161565333,1313.6497295991462,0,0,0,993
30,30,20000,0.7,0.7,0.05000000238954469,78.00597078088526,95.59150961809898,98.0529160797233,0,0,0,992
30,30,20000,0.7,0.7,0.2999999902197356,-28.208999133160344,-5.966397182150094,-5.376821408130598,0,0,0,994
30,30,20000,0.7,0.95,0.004999999948890896,404.3238335294172,421.44671220481547,424.38904943217983,0,0,0,990
30,30,20000,0.7,0.95,0.05000000238954469,-10.73307840758625,15.3356347573556,17.726220468493963,0,0,0,993
30,30,20000,0.7,0.95,0.2999999902197356,-23.585259474373718,1.4331843627245522,1.2751606323981157,0,0,0,994
30,30,20000,0.7,1,0.004999999948890896,-32.91041331190524,0.6214120635679221,0.9143641720532114,0,0,0,997
30,30,20000,0.7,1,0.05000000238954469,-30.589661651152586,2.3039954562538734,2.1765083392631968,0,0,0,996
30,30,20000,0.7,1,0.2999999902197356,-23.122070159222908,1.7993336916078684,1.2061448769727248,0,0,0,995
30,30,20000,0.95,0.7,0.004999999948890896,872.789001844844,893.4795685176746,894.2715742223214,0,0,0,992
30,30,20000,0.95,0.7,0.05000000238954469,20.90862693546741,38.34932558523242,41.03477627066259,0,0,0,991
30,30,20000,0.95,0.7,0.2999999902197356,-28.747220710210318,-4.4300020974142855,-3.6992923962629094,0,0,0,992
30,30,20000,0.95,0.95,0.004999999948890896,272.1530969497256,289.4276434152661,292.2424784189618,0,0,0,990
30,30,20000,0.95,0.95,0.05000000238954469,-21.499111012881013,4.52274980422848,6.869108922866523,0,0,0,995
30,30,20000,0.95,0.95,0.2999999902197356,-25.27016516848717,-0.7452052773625714,-0.5673637828546051,0,0,0,993
30,30,20000,0.95,1,0.004999999948890896,-33.07808385736519,0.8193320847799228,0.7214206016340544,0,0,0,994
30,30,20000,0.95,1,0.05000000238954469,-32.17665811081731,-0.15642378495864123,-0.06264981378074956,0,0,0,992
30,30,20000,0.95,1,0.2999999902197356,-24.47267090781114,0.11840333847863443,-0.02872767211431511,0,0,0,989
30,30,20000,1,0.7,0.004999999948890896,779.738637735477,798.7261023828395,799.9744838282927,0,0,0,998
30,30,20000,1,0.7,0.05000000238954469,20.22510265016611,38.48963679195455,41.136090544950925,0,0,0,993
30,30,20000,1,0.7,0.2999999902197356,-27.822595188238,-3.567045345853754,-2.7086574286849947,0,0,0,996
30,30,20000,1,0.95,0.004999999948890896,287.3366591316997,305.70730166154414,309.11391776337854,0,0,0,992
30,30,20000,1,0.95,0.05000000238954469,-23.15114012587766,2.4869922914617724,4.9749592499770765,0,0,0,994
30,30,20000,1,0.95,0.2999999902197356,-24.656627399181424,-0.1599709746607094,0.10449207523029597,0,0,0,996
30,30,20000,1,1,0.004999999948890896,-33.539999320657834,0.27797402655137243,0.1809417098565336,0,0,0,995
30,30,20000,1,1,0.05000000238954469,-32.33690323367987,-0.02230221879932659,-0.02249235393491023,0,0,0,992
30,30,20000,1,1,0.2999999902197356,-24.492764205064237,-8.184684944979123e-5,-0.0032214180525472033,0,0,0,995
30,300,500,0.7,0.7,0.004999999948890896,569.8566946026816,692.8836087395044,659.4345834880991,0,0,0,0
30,300,500,0.7,0.7,0.05000000238954469,2.414776129066308,34.26460678638497,36.38190006424636,0,0,0,0
30,300,500,0.7,0.7,0.2999999902197356,-23.188574452090105,0.2700115953057913,2.6896809508467805,0,0,0,0
30,300,500,0.7,0.95,0.004999999948890896,131.15573771823574,171.26374214211066,169.19416938164565,0,0,0,0
30,300,500,0.7,0.95,0.05000000238954469,-27.772400670221852,1.9988185275174457,7.445629943057999,0,0,0,0
30,300,500,0.7,0.95,0.2999999902197356,-23.305617567812725,-0.18835748281603215,1.3877062093815236,0,0,0,0
30,300,500,0.7,1,0.004999999948890896,-35.055235653230426,-3.7250750630259897,7.743124793306432,0,0,0,0
30,300,500,0.7,1,0.05000000238954469,-32.208886881864316,-0.9465257911085592,1.7251694623826919,0,0,0,0
30,300,500,0.7,1,0.2999999902197356,-23.69257251627025,-0.8927419763624957,0.30508099897974034,0,0,0,0
30,300,500,0.95,0.7,0.004999999948890896,341.89314637639717,419.49201546276765,408.99832597731415,0,0,0,0
30,300,500,0.95,0.7,0.05000000238954469,-18.22990745888029,12.537153762665806,15.77292630132877,0,0,0,0
30,300,500,0.95,0.7,0.2999999902197356,-24.276360742219605,-1.645393076747776,1.2429390061746575,0,0,0,0
30,300,500,0.95,0.95,0.004999999948890896,78.16488387524258,118.52686261987014,115.50838551677666,0,0,0,0
30,300,500,0.95,0.95,0.05000000238954469,-30.48560200956191,-1.7387841516876632,3.9873811222847677,0,0,0,0
30,300,500,0.95,0.95,0.2999999902197356,-24.56387086869959,-2.2040615542800577,0.09268433355701435,0,0,0,0
30,300,500,0.95,1,0.004999999948890896,-32.7854358657306,-1.598821643510419,10.435790974425245,0,0,0,0
30,300,500,0.95,1,0.05000000238954469,-31.929953018172544,-0.6318034032503725,1.7195988799992123,0,0,0,0
30,300,500,0.95,1,0.2999999902197356,-24.055378079831257,-1.3431939372457649,0.20088258132833475,0,0,0,0
30,300,500,1,0.7,0.004999999948890896,303.6784684430178,399.1234103775442,365.28421567343236,0,0,0,0
30,300,500,1,0.7,0.05000000238954469,-22.595633555800834,5.577922145768246,10.741677443715092,0,0,0,0
30,300,500,1,0.7,0.2999999902197356,-24.671535992816914,-1.62754737650224,0.6563991073055012,0,0,0,0
30,300,500,1,0.95,0.004999999948890896,56.962632881941715,92.26762952106743,89.83734157941622,0,0,0,0
30,300,500,1,0.95,0.05000000238954469,-31.09589347086785,-0.8845709223428828,4.11311430747222,0,0,0,0
30,300,500,1,0.95,0.2999999902197356,-24.500067756698662,-1.5038271890205097,0.751566574563747,0,0,0,0
30,300,500,1,1,0.004999999948890896,-32.639999311458084,2.1684330804484877,11.82304001436594,0,0,0,0
30,300,500,1,1,0.05000000238954469,-32.05600324710427,0.029908057237483774,2.215258957004151,0,0,0,0
30,300,500,1,1,0.2999999902197356,-24.63933087650911,-1.5198843421634365,0.16661275410232151,0,0,0,0
30,300,5000,0.7,0.7,0.004999999948890896,486.80038258755775,528.8815435063229,526.7713768910925,0,0,0,479
30,300,5000,0.7,0.7,0.05000000238954469,-14.061018501250858,8.71149313515358,12.057924022836735,0,0,0,514
30,300,5000,0.7,0.7,0.2999999902197356,-22.184598867850962,3.5821252040778586,4.2591407398493955,0,0,0,474
30,300,5000,0.7,0.95,0.004999999948890896,100.94443421533293,124.00484280183647,125.31129653601435,0,0,0,479
30,300,5000,0.7,0.95,0.05000000238954469,-29.813977762626337,1.7238483541444347,5.050478748715634,0,0,0,481
30,300,5000,0.7,0.95,0.2999999902197356,-22.626832441116196,2.6762456719902437,2.490061661402413,0,0,0,466
30,300,5000,0.7,1,0.004999999948890896,-32.902011498761915,0.9744602755415551,2.355107751018766,0,0,0,472
30,300,5000,0.7,1,0.05000000238954469,-30.9269454169668,1.6535826679338426,1.856832400075575,0,0,0,481
30,300,5000,0.7,1,0.2999999902197356,-23.9459164861605,0.8426817438481379,0.2403924286870047,0,0,0,470
30,300,5000,0.95,0.7,0.004999999948890896,253.32926163582252,270.53611645840243,272.75468864070615,0,0,0,467
30,300,5000,0.95,0.7,0.05000000238954469,-23.19723911358782,2.7978524989659586,6.590883440267684,0,0,0,502
30,300,5000,0.95,0.7,0.2999999902197356,-24.173266139695304,0.44776188897569663,1.2442426842536267,0,0,0,485
30,300,5000,0.95,0.95,0.004999999948890896,43.70960408045929,67.56903711083103,70.22486285000025,0,0,0,470
30,300,5000,0.95,0.95,0.05000000238954469,-32.3296993789639,-9.019751178433892e-4,2.7388422980374676,0,0,0,494
30,300,5000,0.95,0.95,0.2999999902197356,-24.456752902871646,0.11859036071802415,0.31910595413338216,0,0,0,477
30,300,5000,0.95,1,0.004999999948890896,-33.48948706564618,-0.8484114365064669,0.745695554255901,0,0,0,506
30,300,5000,0.95,1,0.05000000238954469,-32.05994936455291,0.203730402376385,0.2971391325852073,0,0,0,446
30,300,5000,0.95,1,0.2999999902197356,-24.33902473704255,0.18531482816125386,0.11051463696602026,0,0,0,505
30,300,5000,1,0.7,0.004999999948890896,250.65623077190872,272.5975336321303,277.63182431501826,0,0,0,484
30,300,5000,1,0.7,0.05000000238954469,-28.32094108171053,-0.7806660970274221,2.6604762457411226,0,0,0,506
30,300,5000,1,0.7,0.2999999902197356,-25.20870930366914,-0.5851739173419387,0.1733150075703044,0,0,0,487
30,300,5000,1,0.95,0.004999999948890896,52.63191201242675,73.37773232479685,77.58459009684171,0,0,0,485
30,300,5000,1,0.95,0.05000000238954469,-32.71261562348616,-0.29922988244439347,2.6188533058370433,0,0,0,487
30,300,5000,1,0.95,0.2999999902197356,-24.893751364961613,-0.3397068415953343,-0.06788784640157819,0,0,0,502
30,300,5000,1,1,0.004999999948890896,-34.407999329530476,-1.40441509076844,-0.6719759996827344,0,0,0,479
30,300,5000,1,1,0.05000000238954469,-31.88520325526703,0.539321674604599,0.7307097635110159,0,0,0,480
30,300,5000,1,1,0.2999999902197356,-24.578464207858126,0.04593554636709313,0.02374333696960858,0,0,0,478
30,300,20000,0.7,0.7,0.004999999948890896,471.42581843145456,489.5853225403947,492.0462084604409,0,0,0,995
30,300,20000,0.7,0.7,0.05000000238954469,-7.05264428152114,16.75278981404364,20.430343370510425,0,0,0,994
30,300,20000,0.7,0.7,0.2999999902197356,-22.080205870295714,3.772761943906698,4.443165718905486,0,0,0,995
30,300,20000,0.7,0.95,0.004999999948890896,95.73917743270468,118.49591801202774,121.67548962543272,0,0,0,986
30,300,20000,0.7,0.95,0.05000000238954469,-29.422459519739412,2.6749195440444056,6.009844309245578,0,0,0,990
30,300,20000,0.7,0.95,0.2999999902197356,-23.264823643005933,1.7003803258713672,1.4494307472458496,0,0,0,993
30,300,20000,0.7,1,0.004999999948890896,-32.4973140655715,1.4443641448594764,1.547877718516045,0,0,0,992
30,300,20000,0.7,1,0.05000000238954469,-30.92975011824425,1.8453333766875928,1.807985089964513,0,0,0,989
30,300,20000,0.7,1,0.2999999902197356,-23.64636597652691,1.2061262408072837,0.5540967683619817,0,0,0,994
30,300,20000,0.95,0.7,0.004999999948890896,250.0499140452301,268.37858477728514,270.42959206079667,0,0,0,999
30,300,20000,0.95,0.7,0.05000000238954469,-25.355784092013167,2.2228885045342803,5.925545312222424,0,0,0,993
30,300,20000,0.95,0.7,0.2999999902197356,-24.39999705232339,0.25931040272939093,1.0361641926426468,0,0,0,994
30,300,20000,0.95,0.95,0.004999999948890896,37.95085191988319,57.98837394575208,61.06761092958127,0,0,0,991
30,300,20000,0.95,0.95,0.05000000238954469,-33.25641856671827,-1.3039914028803439,1.7650678886376492,0,0,0,991
30,300,20000,0.95,0.95,0.2999999902197356,-24.114677141001994,0.5475740152698815,0.7067807855401477,0,0,0,993
30,300,20000,0.95,1,0.004999999948890896,-33.499552976932556,0.09610099242725849,0.1276373149095187,0,0,0,990
30,300,20000,0.95,1,0.05000000238954469,-32.17983698544961,0.09379794999340021,0.16991507499218567,0,0,0,990
30,300,20000,0.95,1,0.2999999902197356,-24.29743883718766,0.27057500057990413,0.1749561533273272,0,0,0,997
30,300,20000,1,0.7,0.004999999948890896,223.8445253714661,242.5602730705849,244.80165651499453,0,0,0,995
30,300,20000,1,0.7,0.05000000238954469,-28.13571265526693,-0.8452739565695222,3.193294472404864,0,0,0,994
30,300,20000,1,0.7,0.2999999902197356,-24.715292169624554,-0.17435987701367747,0.659817985156133,0,0,0,993
30,300,20000,1,0.95,0.004999999948890896,42.261302845535155,63.927823583930966,67.20851119847501,0,0,0,990
30,300,20000,1,0.95,0.05000000238954469,-32.45542228054147,-0.23364492850741078,2.6199067121746658,0,0,0,996
30,300,20000,1,0.95,0.2999999902197356,-24.59342058785261,-0.05774758975172445,0.18413428922864472,0,0,0,990
30,300,20000,1,1,0.004999999948890896,-33.68899932218086,0.6585938420592027,0.2112118646192321,0,0,0,996
30,300,20000,1,1,0.05000000238954469,-32.070203246425706,0.13437570539131818,0.10171869368531342,0,0,0,995
30,300,20000,1,1,0.2999999902197356,-24.584597541391414,-0.06359740661451765,-0.07795317876127084,0,0,0,991
30,3000,500,0.7,0.7,0.004999999948890896,403.4873765541725,590.0931725317943,520.2963207800898,0,0,0,0
30,3000,500,0.7,0.7,0.05000000238954469,-5.747284336597008,30.833742235030986,31.261808253304853,0,0,0,0
30,3000,500,0.7,0.7,0.2999999902197356,-22.882249950838826,1.485912555514273,4.205657389547459,0,0,0,0
30,3000,500,0.7,0.95,0.004999999948890896,67.92562314939211,125.56006669683177,124.72157111707615,0,0,0,0
30,3000,500,0.7,0.95,0.05000000238954469,-30.201930282980577,2.6623162050338647,6.090188912149225,0,0,0,0
30,3000,500,0.7,0.95,0.2999999902197356,-23.26494675934985,-0.2571565756804063,1.5809240424672761,0,0,0,0
30,3000,500,0.7,1,0.004999999948890896,-33.94321382030906,-6.659838692761385,8.098295425733612,0,0,0,0
30,3000,500,0.7,1,0.05000000238954469,-32.30273237024218,-2.5740421663416915,1.6820009994738747,0,0,0,0
30,3000,500,0.7,1,0.2999999902197356,-23.81462128160155,-0.6062885379560046,0.6633633625202934,0,0,0,0
30,3000,500,0.95,0.7,0.004999999948890896,197.74682916864458,298.10189463689153,274.2659842006868,0,0,0,0
30,3000,500,0.95,0.7,0.05000000238954469,-27.481293526611033,2.7845851568389497,6.741527459798409,0,0,0,0
30,3000,500,0.95,0.7,0.2999999902197356,-24.4873859750365,-1.586022333393919,0.945345127113913,0,0,0,0
30,3000,500,0.95,0.95,0.004999999948890896,30.080743628477382,84.87259987647046,82.67716794292427,0,0,0,0
30,3000,500,0.95,0.95,0.05000000238954469,-30.169298575130625,0.929825796430512,5.921573895043647,0,0,0,0
30,3000,500,0.95,0.95,0.2999999902197356,-24.134733061507347,-1.4441944907897601,0.6077803313734735,0,0,0,0
30,3000,500,0.95,1,0.004999999948890896,-32.34848908922898,-0.25172388487146935,11.578338805749802,0,0,0,0
30,3000,500,0.95,1,0.05000000238954469,-31.861020257812108,0.07658513834876704,2.3102441599867145,0,0,0,0
30,3000,500,0.95,1,0.2999999902197356,-24.273284248994575,-1.469056758226657,0.14824518175481793,0,0,0,0
30,3000,500,1,0.7,0.004999999948890896,174.17717205400422,293.40830250268795,254.36223510878622,0,0,0,0
30,3000,500,1,0.7,0.05000000238954469,-27.32091854992128,1.6771387278398204,6.282641418893407,0,0,0,0
30,3000,500,1,0.7,0.2999999902197356,-24.450268915153497,-1.3139027339561544,0.8909275523991655,0,0,0,0
30,3000,500,1,0.95,0.004999999948890896,20.551642321598973,69.77967940547936,72.4220045057953,0,0,0,0
30,3000,500,1,0.95,0.05000000238954469,-32.09534803411683,-2.098239802277833,3.6424382554343238,0,0,0,0
30,3000,500,1,0.95,0.2999999902197356,-24.556340907585962,-1.571589532592568,0.21051052848716215,0,0,0,0
30,3000,500,1,1,0.004999999948890896,-30.519999289787826,-2.616939858750767,9.268682710609095,0,0,0,0
30,3000,500,1,1,0.05000000238954469,-32.03200324825126,-3.113716413147292,0.5654101526968,0,0,0,0
30,3000,500,1,1,0.2999999902197356,-24.380664201409687,-1.6975426250004055,0.16607761672968757,0,0,0,0
30,3000,5000,0.7,0.7,0.004999999948890896,141.99743908752959,183.03503229394704,180.67961837390035,0,0,0,498
30,3000,5000,0.7,0.7,0.05000000238954469,-27.180385141380505,3.7349119421160397,8.590363218967811,0,0,0,490
30,3000,5000,0.7,0.7,0.2999999902197356,-20.4260104178499,5.023802502538118,5.622307971570335,0,0,0,525
30,3000,5000,0.7,0.95,0.004999999948890896,1.4021947915738482,32.37996115308593,37.01698507813389,0,0,0,512
30,3000,5000,0.7,0.95,0.05000000238954469,-30.54750089107507,1.7276260383454853,5.505640310704231,0,0,0,493
30,3000,5000,0.7,0.95,0.2999999902197356,-23.42021234670321,1.5360626480324082,1.3577748975522437,0,0,0,490
30,3000,5000,0.7,1,0.004999999948890896,-31.761609566796583,1.4435881890954196,3.129264160504859,0,0,0,498
30,3000,5000,0.7,1,0.05000000238954469,-31.01383715308501,2.1948436674233522,2.0739336548771563,0,0,0,459
30,3000,5000,0.7,1,0.2999999902197356,-23.67794560744089,1.1237450315975062,0.5210879825136551,0,0,0,487
30,3000,5000,0.95,0.7,0.004999999948890896,72.77594482449508,110.52279340909008,107.19331497790465,0,0,0,481
30,3000,5000,0.95,0.7,0.05000000238954469,-33.477820264963285,-0.8649000958758547,3.1069036839760735,0,0,0,501
30,3000,5000,0.95,0.7,0.2999999902197356,-24.280756757846273,0.129977299644299,1.002823893820561,0,0,0,494
30,3000,5000,0.95,0.95,0.004999999948890896,-13.7166617866222,16.20748264636865,18.26785573229114,0,0,0,479
30,3000,5000,0.95,0.95,0.05000000238954469,-31.78466697107982,0.8606257945755437,3.797057887812966,0,0,0,504
30,3000,5000,0.95,0.95,0.2999999902197356,-24.36423641782071,0.25061529791875514,0.43435230515198836,0,0,0,477
30,3000,5000,0.95,1,0.004999999948890896,-32.7435837931706,0.43010940107432516,1.223314426999137,0,0,0,505
30,3000,5000,0.95,1,0.05000000238954469,-32.033984901981725,0.420465788025616,0.4505617035260186,0,0,0,472
30,3000,5000,0.95,1,0.2999999902197356,-24.58894268210687,-0.06210473463785018,-0.15928228792817195,0,0,0,479
30,3000,5000,1,0.7,0.004999999948890896,57.03284101576679,92.90138147497014,88.8542855140671,0,0,0,480
30,3000,5000,1,0.7,0.05000000238954469,-34.25875007081433,-2.3094522570164475,2.2603030957943,0,0,0,465
30,3000,5000,1,0.7,0.2999999902197356,-24.765578690325565,-0.2395452053531146,0.702317669137373,0,0,0,475
30,3000,5000,1,0.95,0.004999999948890896,-20.966894712282887,9.709036225648191,12.855514329160084,0,0,0,499
30,3000,5000,1,0.95,0.05000000238954469,-32.03347660585012,0.725122532900605,3.650413124970871,0,0,0,495
30,3000,5000,1,0.95,0.2999999902197356,-24.493938797575836,-0.05731454824229634,0.25705412240214676,0,0,0,495
30,3000,5000,1,1,0.004999999948890896,-34.1399993267911,-1.1181706604940163,-0.5517956016347944,0,0,0,492
30,3000,5000,1,1,0.05000000238954469,-32.23160323871226,0.09767505422631947,0.12751109831086233,0,0,0,490
30,3000,5000,1,1,0.2999999902197356,-24.49373087176242,0.01901539717109209,0.03058430282376866,0,0,0,462
30,3000,20000,0.7,0.7,0.004999999948890896,117.50852754345586,145.77105538470173,146.64072994253272,0,0,0,995
30,3000,20000,0.7,0.7,0.05000000238954469,-29.136768820679457,3.7037161365628193,8.346245815577882,0,0,0,994
30,3000,20000,0.7,0.7,0.2999999902197356,-21.293990257919567,4.565137943612829,5.080654225626019,0,0,0,990
30,3000,20000,0.7,0.95,0.004999999948890896,-10.090890469581442,19.01913811027554,22.36964203393507,0,0,0,994
30,3000,20000,0.7,0.95,0.05000000238954469,-30.528143398370656,2.4495286760203,5.697617291285601,0,0,0,994
30,3000,20000,0.7,0.95,0.2999999902197356,-23.684768062303686,1.037028867330431,0.8306592333145973,0,0,0,995
30,3000,20000,0.7,1,0.004999999948890896,-31.85922892177017,2.0016137691073017,2.171092787456269,0,0,0,993
30,3000,20000,0.7,1,0.05000000238954469,-31.750257214500408,0.6583018459049853,0.6117995367858464,0,0,0,994
30,3000,20000,0.7,1,0.2999999902197356,-23.153994244625952,1.854127757618354,1.2249360172253352,0,0,0,993
30,3000,20000,0.95,0.7,0.004999999948890896,41.158601170160836,62.08672495617814,65.9251647379477,0,0,0,994
30,3000,20000,0.95,0.7,0.05000000238954469,-31.685272804847383,0.6270882339963513,5.072248995001281,0,0,0,991
30,3000,20000,0.95,0.7,0.2999999902197356,-24.58476274595993,-0.07327265221482947,0.7509750495199261,0,0,0,990
30,3000,20000,0.95,0.95,0.004999999948890896,-24.25647784614691,3.376598992212756,7.5599787126167035,0,0,0,996
30,3000,20000,0.95,0.95,0.05000000238954469,-32.39035856038077,-0.19293830638465692,2.7661161797280993,0,0,0,994
30,3000,20000,0.95,0.95,0.2999999902197356,-24.342012339965844,0.2684926660669396,0.4211327055812527,0,0,0,991
30,3000,20000,0.95,1,0.004999999948890896,-32.95617923764067,0.4628204315009096,0.3451615645337065,0,0,0,994
30,3000,20000,0.95,1,0.05000000238954469,-32.10631762206237,0.278349510282434,0.2821437121526493,0,0,0,996
30,3000,20000,0.95,1,0.2999999902197356,-24.47834700482567,0.10803995098856646,-0.0287467184495011,0,0,0,998
30,3000,20000,1,0.7,0.004999999948890896,41.48105479945007,65.80281154967986,68.386010910942,0,0,0,996
30,3000,20000,1,0.7,0.05000000238954469,-32.4456722202128,-0.20348974732348207,4.057802470491041,0,0,0,993
30,3000,20000,1,0.7,0.2999999902197356,-24.502893778243866,0.04486484656567295,0.8650560879923864,0,0,0,994
30,3000,20000,1,0.95,0.004999999948890896,-18.18464511557677,10.743305498763402,15.061462102519444,0,0,0,991
30,3000,20000,1,0.95,0.05000000238954469,-32.25134443298079,-0.16133262674996243,2.753113288800367,0,0,0,994
30,3000,20000,1,0.95,0.2999999902197356,-24.64235553295995,-0.06175779296976558,0.1742245440542749,0,0,0,994
30,3000,20000,1,1,0.004999999948890896,-33.50699932032041,-0.8945781173363149,-0.5973833168688268,0,0,0,995
30,3000,20000,1,1,0.05000000238954469,-32.13110324351523,0.07899277919094529,0.13236732002029739,0,0,0,997
30,3000,20000,1,1,0.2999999902197356,-24.557380873837463,-5.0035069958646e-4,0.009963938646273969,0,0,0,989
300,30,500,0.7,0.7,0.004999999948890896,1298.2451473947754,1392.6942029373006,1358.229483363856,0,0,0,0
300,30,500,0.7,0.7,0.05000000238954469,64.73951918803391,86.56468310426429,87.0182350942583,0,0,0,0
300,30,500,0.7,0.7,0.2999999902197356,-26.018224636796937,-5.30639371039122,-3.642178138828698,0,0,0,0
300,30,500,0.7,0.95,0.004999999948890896,432.9365928187013,459.9141550290767,465.41831594660886,0,0,0,0
300,30,500,0.7,0.95,0.05000000238954469,-9.544654971196776,15.340973232476298,20.00059641653477,0,0,0,0
300,30,500,0.7,0.95,0.2999999902197356,-25.034631428056944,-2.437421824611407,-0.8617130294710618,0,0,0,0
300,30,500,0.7,1,0.004999999948890896,-36.61711076513317,-2.736709077790048,7.747491894678613,0,0,0,0
300,30,500,0.7,1,0.05000000238954469,-33.4791952516029,-3.825437982301871,-0.3357722514508605,0,0,0,0
300,30,500,0.7,1,0.2999999902197356,-24.691970358341667,-2.369059518090841,-1.322049381637461,0,0,0,0
300,30,500,0.95,0.7,0.004999999948890896,878.3246317520938,923.7331648019472,917.8160759525379,0,0,0,0
300,30,500,0.95,0.7,0.05000000238954469,16.889329721350666,35.655527886314125,39.26527810359471,0,0,0,0
300,30,500,0.95,0.7,0.2999999902197356,-27.486976707519407,-5.571254905128919,-2.603527604796859,0,0,0,0
300,30,500,0.95,0.95,0.004999999948890896,294.30654886597614,317.0951405677817,325.0986845407754,0,0,0,0
300,30,500,0.95,0.95,0.05000000238954469,-23.809056682643245,1.5120171531948963,5.896684303739227,0,0,0,0
300,30,500,0.95,0.95,0.2999999902197356,-25.021520419795124,-2.1636906761966124,-0.3044643246054623,0,0,0,0
300,30,500,0.95,1,0.004999999948890896,-32.34139775295325,-1.1515363936971206,12.858684572895008,0,0,0,0
300,30,500,0.95,1,0.05000000238954469,-32.09826114593606,-1.7685169030052232,0.6699627553041263,0,0,0,0
300,30,500,0.95,1,0.2999999902197356,-24.065338483257143,-1.1383359645890623,0.5666559445018567,0,0,0,0
300,30,500,1,0.7,0.004999999948890896,710.1504914405664,746.1675244797941,735.6640235015934,0,0,0,0
300,30,500,1,0.7,0.05000000238954469,26.699352282849244,46.82999483613403,49.24321474894954,0,0,0,0
300,30,500,1,0.7,0.2999999902197356,-25.887356220396057,-3.283838854494117,-0.5104909334489299,0,0,0,0
300,30,500,1,0.95,0.004999999948890896,263.043057898153,293.42804045534234,296.9590250774728,0,0,0,0
300,30,500,1,0.95,0.05000000238954469,-20.491848353679107,5.559878023411592,9.593338679891136,0,0,0,0
300,30,500,1,0.95,0.2999999902197356,-24.830502228631396,-2.3111705493052273,-0.2705069967832582,0,0,0,0
300,30,500,1,1,0.004999999948890896,-31.039999295103172,-3.922937628297623,8.778631531709543,0,0,0,0
300,30,500,1,1,0.05000000238954469,-31.944003252456852,-1.048329249349887,1.328029918451498,0,0,0,0
300,30,500,1,1,0.2999999902197356,-24.56066420727784,-1.946019593514294,-0.24874666078858923,0,0,0,0
300,30,5000,0.7,0.7,0.004999999948890896,1244.921157096675,1261.3140166225437,1265.5683809233767,0,0,0,487
300,30,5000,0.7,0.7,0.05000000238954469,72.26550044563537,90.743809380453,93.20547865025736,0,0,0,472
300,30,5000,0.7,0.7,0.2999999902197356,-28.61465969707915,-6.859715424597335,-6.362942956406214,0,0,0,492
300,30,5000,0.7,0.95,0.004999999948890896,430.67388161024087,450.1801102472312,452.59618547399265,0,0,0,478
300,30,5000,0.7,0.95,0.05000000238954469,-12.414210591158248,12.66615968660384,15.394411614409611,0,0,0,475
300,30,5000,0.7,0.95,0.2999999902197356,-25.265406847375736,-0.6483739714827342,-0.8712760421144133,0,0,0,470
300,30,5000,0.7,1,0.004999999948890896,-33.04116371670075,1.6683688209208822,3.281538640870749,0,0,0,455
300,30,5000,0.7,1,0.05000000238954469,-32.06012761354022,0.40755612277483916,0.12068164935834218,0,0,0,508
300,30,5000,0.7,1,0.2999999902197356,-24.333343495944163,0.36710433943306103,-0.23869473360737528,0,0,0,479
300,30,5000,0.95,0.7,0.004999999948890896,828.8805635378817,845.2393797886376,847.3057724720213,0,0,0,483
300,30,5000,0.95,0.7,0.05000000238954469,22.50290852297875,41.247031069730966,43.17832271812035,0,0,0,471
300,30,5000,0.95,0.7,0.2999999902197356,-29.97544035653534,-6.172977684647447,-5.35815758465406,0,0,0,459
300,30,5000,0.95,0.95,0.004999999948890896,286.9610420722841,303.7040724105918,308.5244240293217,0,0,0,477
300,30,5000,0.95,0.95,0.05000000238954469,-18.801211336413093,7.106626811886492,9.526017633406136,0,0,0,477
300,30,5000,0.95,0.95,0.2999999902197356,-24.69863319953822,-0.21530107040785543,0.05219030099162404,0,0,0,479
300,30,5000,0.95,1,0.004999999948890896,-32.84508821719596,2.255089867713685,2.832243852433178,0,0,0,520
300,30,5000,0.95,1,0.05000000238954469,-32.238890162408154,0.2689295827829348,0.1804331073354132,0,0,0,488
300,30,5000,0.95,1,0.2999999902197356,-24.42784790184325,0.07293567810381277,0.061893262334356054,0,0,0,503
300,30,5000,1,0.7,0.004999999948890896,760.6206723422607,776.6215903711151,777.5103790336066,0,0,0,524
300,30,5000,1,0.7,0.05000000238954469,23.484699285735818,42.88416063787979,45.831862592205624,0,0,0,491
300,30,5000,1,0.7,0.2999999902197356,-27.334464284820537,-3.1698295391922144,-2.2197504473632264,0,0,0,466
300,30,5000,1,0.95,0.004999999948890896,261.7458953233175,280.7177960071615,283.0242326446636,0,0,0,457
300,30,5000,1,0.95,0.05000000238954469,-19.657645218943276,6.429663177140808,8.744997993782869,0,0,0,487
300,30,5000,1,0.95,0.2999999902197356,-24.900106175033486,-0.2939743919433133,-0.08909334501192258,0,0,0,510
300,30,5000,1,1,0.004999999948890896,-33.17999931697814,0.36658717232604565,1.410083840391906,0,0,0,468
300,30,5000,1,1,0.05000000238954469,-32.41240323007166,-0.0094436802375007,-0.11061240261721922,0,0,0,451
300,30,5000,1,1,0.2999999902197356,-24.44799753693814,0.05870113810452106,0.05215480952118497,0,0,0,497
300,30,20000,0.7,0.7,0.004999999948890896,1216.1538646007853,1232.2848299231102,1234.7632981986583,0,0,0,990
300,30,20000,0.7,0.7,0.05000000238954469,70.140063923188407,86.95751006907534,89.37342887747674,0,0,0,990
300,30,20000,0.7,0.7,0.2999999902197356,-27.867617213566362,-6.1564063338356885,-5.521680014990981,0,0,0,992
300,30,20000,0.7,0.95,0.004999999948890896,448.4774117741065,466.7279428810969,469.87876075093595,0,0,0,991
300,30,20000,0.7,0.95,0.05000000238954469,-11.861460041551291,13.495219912086869,16.063413119090544,0,0,0,997
300,30,20000,0.7,0.95,0.2999999902197356,-25.8449920345653,-1.1364048598633731,-1.3192130103500972,0,0,0,994
300,30,20000,0.7,1,0.004999999948890896,-33.56350737814783,-0.1910893234573214,0.34957675267245897,0,0,0,995
300,30,20000,0.7,1,0.05000000238954469,-32.18592285545721,0.17282691472470665,-0.014042566126355177,0,0,0,997
300,30,20000,0.7,1,0.2999999902197356,-24.41204509286674,0.15409013377103795,-0.43937211693407274,0,0,0,992
300,30,20000,0.95,0.7,0.004999999948890896,819.9436549453478,838.61774870897,842.180474746678,0,0,0,991
300,30,20000,0.95,0.7,0.05000000238954469,23.76528881467541,41.802225799553064,44.33631811800546,0,0,0,993
300,30,20000,0.95,0.7,0.2999999902197356,-27.552397169531254,-3.3691708550665354,-2.613196547250461,0,0,0,993
300,30,20000,0.95,0.95,0.004999999948890896,281.7184903037446,298.95266645570143,302.323762664488,0,0,0,993
300,30,20000,0.95,0.95,0.05000000238954469,-20.684636580783398,5.616617142125667,7.960821653686928,0,0,0,996
300,30,20000,0.95,0.95,0.2999999902197356,-24.978757542947722,-0.36010979402487153,-0.19814901197760315,0,0,0,994
300,30,20000,0.95,1,0.004999999948890896,-33.39499138417482,0.2382097446994056,0.3644841739360117,0,0,0,997
300,30,20000,0.95,1,0.05000000238954469,-32.103385401655785,0.14349522307710522,0.22558586075847442,0,0,0,996
300,30,20000,0.95,1,0.2999999902197356,-24.525489779100525,0.01627456155270251,-0.07981110184539976,0,0,0,992
300,30,20000,1,0.7,0.004999999948890896,725.7892320294252,741.7348846267748,745.3443842383492,0,0,0,989
300,30,20000,1,0.7,0.05000000238954469,13.846191264657207,32.103279689777075,34.89392367451047,0,0,0,995
300,30,20000,1,0.7,0.2999999902197356,-26.80868901790792,-2.6771637607379644,-1.8290861532792033,0,0,0,991
300,30,20000,1,0.95,0.004999999948890896,262.5513485335211,279.62384149210055,282.5029089717652,0,0,0,993
300,30,20000,1,0.95,0.05000000238954469,-20.218940019704704,5.86410341853127,8.37820384509562,0,0,0,995
300,30,20000,1,0.95,0.2999999902197356,-25.937632877664697,-1.252461336198649,-1.0170415878137684,0,0,0,996
300,30,20000,1,1,0.004999999948890896,-33.567999320943954,-0.03443185149600872,-0.07181127134243676,0,0,0,994
300,30,20000,1,1,0.05000000238954469,-32.213503239577264,-0.04310118284366884,0.04455372428390615,0,0,0,996
300,30,20000,1,1,0.2999999902197356,-24.49809753857144,0.03575896275413504,0.015057683646780975,0,0,0,995
300,300,500,0.7,0.7,0.004999999948890896,601.2058949922231,761.0252527877263,697.8549959811925,0,0,0,0
300,300,500,0.7,0.7,0.05000000238954469,1.1962868971854919,34.801549003391806,31.833855821175064,0,0,0,0
300,300,500,0.7,0.7,0.2999999902197356,-24.496273206102188,-2.060013458039424,0.5688336680603552,0,0,0,0
300,300,500,0.7,0.95,0.004999999948890896,123.57069645300386,177.88780285598457,171.7125442773106,0,0,0,0
300,300,500,0.7,0.95,0.05000000238954469,-31.188921858363166,-2.7743562929301584,3.635758848369583,0,0,0,0
300,300,500,0.7,0.95,0.2999999902197356,-24.8746811262152,-2.0154020027483326,-0.517029159143438,0,0,0,0
300,300,500,0.7,1,0.004999999948890896,-35.60948750784999,-2.342374494957863,10.022923081187717,0,0,0,0
300,300,500,0.7,1,0.05000000238954469,-32.89615642450756,-3.0676175857383976,-0.28674318118685505,0,0,0,0
300,300,500,0.7,1,0.2999999902197356,-24.872190244624683,-2.0162743387707858,-0.7300003557006137,0,0,0,0
300,300,500,0.95,0.7,0.004999999948890896,364.5924559523332,430.8245253564876,413.5934607913859,0,0,0,0
300,300,500,0.95,0.7,0.05000000238954469,-20.515260816718747,7.126308650206519,11.247483791755743,0,0,0,0
300,300,500,0.95,0.7,0.2999999902197356,-24.747502071109448,-2.1153763533067953,0.6092814605789268,0,0,0,0
300,300,500,0.95,0.95,0.004999999948890896,80.50513596937427,120.92537248188304,119.90384708247387,0,0,0,0
300,300,500,0.95,0.95,0.05000000238954469,-34.291744692638495,-5.801657236196986,0.44574186724401427,0,0,0,0
300,300,500,0.95,0.95,0.2999999902197356,-24.847907467890284,-1.7605717463335862,0.16884954832244276,0,0,0,0
300,300,500,0.95,1,0.004999999948890896,-32.39858395129912,-1.055621505887788,14.08599414927179,0,0,0,0
300,300,500,0.95,1,0.05000000238954469,-32.37666436021348,-1.9722274399415016,1.1585681301666764,0,0,0,0
300,300,500,0.95,1,0.2999999902197356,-24.391590487216234,-1.6350582596716563,0.04889958312056176,0,0,0,0
300,300,500,1,0.7,0.004999999948890896,318.58414125212875,381.24742782546906,365.5303304991431,0,0,0,0
300,300,500,1,0.7,0.05000000238954469,-18.087157819803497,11.136925379782731,12.721789886309336,0,0,0,0
300,300,500,1,0.7,0.2999999902197356,-23.822575453268737,-1.7947222594280576,1.1806808990222997,0,0,0,0
300,300,500,1,0.95,0.004999999948890896,66.49626453760641,106.17259772416278,107.06565205747606,0,0,0,0
300,300,500,1,0.95,0.05000000238954469,-31.195084270178842,0.3592510393763867,4.988040301676689,0,0,0,0
300,300,500,1,0.95,0.2999999902197356,-24.33780362131056,-1.2771444715717042,0.6840864667289746,0,0,0,0
300,300,500,1,1,0.004999999948890896,-32.03999930532499,-1.129791723112206,12.038118974994154,0,0,0,0
300,300,500,1,1,0.05000000238954469,-31.860003256471288,-1.5668524152169976,1.0022771000045911,0,0,0,0
300,300,500,1,1,0.2999999902197356,-24.380664201409687,-1.426652064685715,0.1452981244305437,0,0,0,0
300,300,5000,0.7,0.7,0.004999999948890896,437.70130288554793,477.7119785702075,474.51661781593117,0,0,0,489
300,300,5000,0.7,0.7,0.05000000238954469,-9.761468176039083,15.065194340379035,18.321951595212447,0,0,0,456
300,300,5000,0.7,0.7,0.2999999902197356,-25.223163266240284,-0.727767535672135,0.02894361339029526,0,0,0,483
300,300,5000,0.7,0.95,0.004999999948890896,93.37410485473025,117.09850265582786,117.97766985441761,0,0,0,485
300,300,5000,0.7,0.95,0.05000000238954469,-31.641823442689788,-0.4169834202376671,3.005461451946661,0,0,0,490
300,300,5000,0.7,0.95,0.2999999902197356,-24.149557900310253,0.30656855980259273,0.1831444111849072,0,0,0,466
300,300,5000,0.7,1,0.004999999948890896,-33.3867412481716,-1.2359884254556455,1.0279022854622242,0,0,0,470
300,300,5000,0.7,1,0.05000000238954469,-32.07087879565144,-0.16317736890134898,0.01671407852346347,0,0,0,511
300,300,5000,0.7,1,0.2999999902197356,-24.446582232824174,0.1112467935956949,-0.5037504260151299,0,0,0,453
300,300,5000,0.95,0.7,0.004999999948890896,250.12028448181687,274.62651956063985,280.2183842431304,0,0,0,492
300,300,5000,0.95,0.7,0.05000000238954469,-24.211823900433398,3.3988426534038765,6.786929170762909,0,0,0,469
300,300,5000,0.95,0.7,0.2999999902197356,-25.13001249021654,-0.49590892244137214,0.3075085870126872,0,0,0,490
300,300,5000,0.95,0.95,0.004999999948890896,55.832755136990656,79.22939027760873,81.31052191609992,0,0,0,508
300,300,5000,0.95,0.95,0.05000000238954469,-33.011974454500454,-0.9781825592421443,2.114087788332353,0,0,0,482
300,300,5000,0.95,0.95,0.2999999902197356,-24.465685172581445,-0.119281778145358,0.183803977185539,0,0,0,461
300,300,5000,0.95,1,0.004999999948890896,-33.211889681565744,-0.46871791113831146,0.6242373903940769,0,0,0,479
300,300,5000,0.95,1,0.05000000238954469,-32.35893465608059,-0.023314020037559547,-0.05275964713660445,0,0,0,454
300,300,5000,0.95,1,0.2999999902197356,-24.401534556794246,0.03876976483455521,0.024056675673518945,0,0,0,476
300,300,5000,1,0.7,0.004999999948890896,226.97929061587368,255.2735233129789,253.49871671435054,0,0,0,489
300,300,5000,1,0.7,0.05000000238954469,-30.107573929191584,-3.9254423682215043,-0.0404827873327567,0,0,0,467
300,300,5000,1,0.7,0.2999999902197356,-24.98631429860376,-0.45431523361294396,0.38900026707976393,0,0,0,471
300,300,5000,1,0.95,0.004999999948890896,46.772029154011356,68.9494160540839,71.7198793409989,0,0,0,511
300,300,5000,1,0.95,0.05000000238954469,-34.3611607087572,-2.064438042871226,0.5613042410474496,0,0,0,506
300,300,5000,1,0.95,0.2999999902197356,-24.585487802435964,-0.04632605529180895,0.19756939073245083,0,0,0,519
300,300,5000,1,1,0.004999999948890896,-32.89999931411597,0.13335704448865907,0.8733594377188995,0,0,0,476
300,300,5000,1,1,0.05000000238954469,-32.19320324054743,-0.09639176930115137,0.058242524011242816,0,0,0,487
300,300,5000,1,1,0.2999999902197356,-24.550864206958344,-0.14969033460913134,-0.06986762381175679,0,0,0,500
300,300,20000,0.7,0.7,0.004999999948890896,421.31772553031817,441.64087738078905,446.11114872264216,0,0,0,990
300,300,20000,0.7,0.7,0.05000000238954469,-9.708109055423362,14.169098676830608,17.131024200957846,0,0,0,994
300,300,20000,0.7,0.7,0.2999999902197356,-25.723825744539436,-0.9592677112255898,-0.3778209232435656,0,0,0,990
300,300,20000,0.7,0.95,0.004999999948890896,85.86765269024423,106.7250914587888,110.02291064468564,0,0,0,994
300,300,20000,0.7,0.95,0.05000000238954469,-31.550355472363986,-0.11683283811801845,2.9234477497412548,0,0,0,993
300,300,20000,0.7,0.95,0.2999999902197356,-24.490308911308514,0.12720030494165102,-0.07096692170052678,0,0,0,994
300,300,20000,0.7,1,0.004999999948890896,-33.60068778328517,-0.11816886465205924,0.006290708847215877,0,0,0,992
300,300,20000,0.7,1,0.05000000238954469,-32.020414322898176,0.351876965789011,0.21297776487149073,0,0,0,992
300,300,20000,0.7,1,0.2999999902197356,-24.53976997588996,-0.023039755476974694,-0.6464165655421845,0,0,0,985
300,300,20000,0.95,0.7,0.004999999948890896,244.80913683491312,264.14120413517037,267.682939462212,0,0,0,996
300,300,20000,0.95,0.7,0.05000000238954469,-25.654509577606035,0.9675102548410559,4.689922185382082,0,0,0,991
300,300,20000,0.95,0.7,0.2999999902197356,-24.80588856809275,-0.29074054277059763,0.506972529950661,0,0,0,993
300,300,20000,0.95,0.95,0.004999999948890896,54.483625949394316,76.62326843422565,80.05540884188633,0,0,0,995
300,300,20000,0.95,0.95,0.05000000238954469,-32.86476000577321,-0.8533733656730775,2.149137794573777,0,0,0,990
300,300,20000,0.95,0.95,0.2999999902197356,-24.621306013219794,-0.0923365229126216,0.06738570439027877,0,0,0,995
300,300,20000,0.95,1,0.004999999948890896,-33.17985773033877,0.4545868099373584,0.25751128683937663,0,0,0,989
300,300,20000,0.95,1,0.05000000238954469,-32.19485788305153,0.06796463966677305,0.036755042436342436,0,0,0,993
300,300,20000,0.95,1,0.2999999902197356,-24.50336493467971,0.06966912109906863,-0.07178453870321244,0,0,0,989
300,300,20000,1,0.7,0.004999999948890896,218.45869333619382,237.36850991994893,240.32373847170328,0,0,0,991
300,300,20000,1,0.7,0.05000000238954469,-24.754640691165015,2.8820930335442028,6.7521772146068,0,0,0,992
300,300,20000,1,0.7,0.2999999902197356,-24.956905528615945,-0.4291509314171004,0.4478750161432805,0,0,0,995
300,300,20000,1,0.95,0.004999999948890896,37.99932822068913,59.08389019122518,62.067969810545186,0,0,0,994
300,300,20000,1,0.95,0.05000000238954469,-32.58137157413316,-0.2904268040895571,2.574867953192095,0,0,0,993
300,300,20000,1,0.95,0.2999999902197356,-24.297015109852094,0.18286017788775338,0.43798410788636594,0,0,0,992
300,300,20000,1,1,0.004999999948890896,-33.92399932458297,-0.9037264713143333,-0.4248882510823804,0,0,0,992
300,300,20000,1,1,0.05000000238954469,-32.345703233259314,-0.1986970150058237,-0.23672731656011597,0,0,0,996
300,300,20000,1,1,0.2999999902197356,-24.5239808727486,-1.2170751931145546e-4,-0.008471127229494328,0,0,0,993
300,3000,500,0.7,0.7,0.004999999948890896,374.66130643908804,565.8277915332385,480.4084460601347,0,0,0,0
300,3000,500,0.7,0.7,0.05000000238954469,-12.435207404815472,22.91049103097368,19.241742687333417,0,0,0,0
300,3000,500,0.7,0.7,0.2999999902197356,-25.230058448614724,-3.089915906810075,0.20854517706126877,0,0,0,0
300,3000,500,0.7,0.95,0.004999999948890896,68.18551928093096,129.33311797691402,117.56697564455924,0,0,0,0
300,3000,500,0.7,0.95,0.05000000238954469,-30.557530531521635,0.3555580512290944,6.562540566633356,0,0,0,0
300,3000,500,0.7,0.95,0.2999999902197356,-24.623882268879967,-1.9780213730034288,-0.3795296794989387,0,0,0,0
300,3000,500,0.7,1,0.004999999948890896,-31.5002838295723,-0.3401944459453425,14.707149691908686,0,0,0,0
300,3000,500,0.7,1,0.05000000238954469,-32.94102297702056,-2.982104389238163,0.7855937069754022,0,0,0,0
300,3000,500,0.7,1,0.2999999902197356,-24.538991952520544,-1.8000629110236974,-0.6453037277582306,0,0,0,0
300,3000,500,0.95,0.7,0.004999999948890896,196.12532348004677,311.6732546386822,277.18550350319344,0,0,0,0
300,3000,500,0.95,0.7,0.05000000238954469,-27.418198475184024,4.943246850644283,8.434110899952664,0,0,0,0
300,3000,500,0.95,0.7,0.2999999902197356,-24.523532333419595,-1.3082169134193238,0.842524943753965,0,0,0,0
300,3000,500,0.95,0.95,0.004999999948890896,26.06780964322728,70.76041310819541,67.58757495063878,0,0,0,0
300,3000,500,0.95,0.95,0.05000000238954469,-32.74103902671389,-2.2352940445733713,3.4007190585454645,0,0,0,0
300,3000,500,0.95,0.95,0.2999999902197356,-24.880814881377454,-2.166616868413638,-0.0937235131151018,0,0,0,0
300,3000,500,0.95,1,0.004999999948890896,-35.26363801212354,-3.5172642970128236,11.52893398623663,0,0,0,0
300,3000,500,0.95,1,0.05000000238954469,-32.21037094996273,-1.6504312948932702,1.3765653530511577,0,0,0,0
300,3000,500,0.95,1,0.2999999902197356,-23.973104150977118,-1.3905623274040566,0.40301372906829624,0,0,0,0
300,3000,500,1,0.7,0.004999999948890896,174.54445910681093,256.6683801950834,232.35271595971184,0,0,0,0
300,3000,500,1,0.7,0.05000000238954469,-28.317294989493398,1.580292388216652,8.065730072688876,0,0,0,0
300,3000,500,1,0.7,0.2999999902197356,-24.406640953259313,-1.6543954027821188,0.7418659651975016,0,0,0,0
300,3000,500,1,0.95,0.004999999948890896,28.52675607075489,72.37629420235446,71.32522403531948,0,0,0,0
300,3000,500,1,0.95,0.05000000238954469,-31.340628065805728,-2.4218368221573696,2.9375593509755076,0,0,0,0
300,3000,500,1,0.95,0.2999999902197356,-24.462550361602872,-1.820077954310123,0.38966352545897465,0,0,0,0
300,3000,500,1,1,0.004999999948890896,-34.83999933394609,-4.795547061131364,1.7616940291114647,0,0,0,0
300,3000,500,1,1,0.05000000238954469,-31.928003253221505,-1.6228732574730746,1.4839299082351387,0,0,0,0
300,3000,500,1,1,0.2999999902197356,-24.463330870771358,-1.5314269173199706,0.10219824655008505,0,0,0,0
300,3000,5000,0.7,0.7,0.004999999948890896,148.07754874467057,188.00201974869253,180.3243605114217,0,0,0,487
300,3000,5000,0.7,0.7,0.05000000238954469,-28.78626073531868,2.863140408495147,6.896870246462931,0,0,0,475
300,3000,5000,0.7,0.7,0.2999999902197356,-24.083748331133897,0.6039301705658117,1.226356302238847,0,0,0,489
300,3000,5000,0.7,0.95,0.004999999948890896,8.314781999008813,37.29509801369258,39.694460093958924,0,0,0,493
300,3000,5000,0.7,0.95,0.05000000238954469,-32.621748850323236,-1.2309197877543925,2.2661504745529166,0,0,0,502
300,3000,5000,0.7,0.95,0.2999999902197356,-24.301189010245366,0.2806611001729666,0.08039536641093178,0,0,0,474
300,3000,5000,0.7,1,0.004999999948890896,-33.73168842692132,-0.3905138295217768,0.4594138485362994,0,0,0,481
300,3000,5000,0.7,1,0.05000000238954469,-32.137595779013935,0.2546207005122356,-0.15755342151693416,0,0,0,489
300,3000,5000,0.7,1,0.2999999902197356,-24.55148938220959,-0.02754200021494981,-0.6865007123447039,0,0,0,490
300,3000,5000,0.95,0.7,0.004999999948890896,57.391982887797965,95.38101896442504,91.1999423848843,0,0,0,474
300,3000,5000,0.95,0.7,0.05000000238954469,-31.824395578071805,0.577050639250725,5.096147980515739,0,0,0,468
300,3000,5000,0.95,0.7,0.2999999902197356,-24.611401799620513,-0.19042156837594146,0.5928327658778644,0,0,0,476
300,3000,5000,0.95,0.95,0.004999999948890896,-10.24680751232913,19.00278725785332,23.072167518301598,0,0,0,449
300,3000,5000,0.95,0.95,0.05000000238954469,-32.051586322745685,0.1914404774307354,3.188259675964218,0,0,0,474
300,3000,5000,0.95,0.95,0.2999999902197356,-24.519982205292553,-0.03261326068555934,0.22556893666460595,0,0,0,443
300,3000,5000,0.95,1,0.004999999948890896,-33.889681013291046,-0.9988028466311685,-0.3162680254530657,0,0,0,482
300,3000,5000,0.95,1,0.05000000238954469,-32.14976268650709,0.0563802539299482,0.2297665164870507,0,0,0,460
300,3000,5000,0.95,1,0.2999999902197356,-24.539143978478464,0.01482205340377575,-0.05264735880990698,0,0,0,494
300,3000,5000,1,0.7,0.004999999948890896,55.564339935281936,88.54474567734442,91.40390458219905,0,0,0,477
300,3000,5000,1,0.7,0.05000000238954469,-32.90055123956654,-1.317853460703403,3.262734118127981,0,0,0,503
300,3000,5000,1,0.7,0.2999999902197356,-24.38965174618304,0.1497395248952103,1.0476786648173408,0,0,0,477
300,3000,5000,1,0.95,0.004999999948890896,-16.812714764836578,13.184373586251176,16.035137763004318,0,0,0,461
300,3000,5000,1,0.95,0.05000000238954469,-32.09857458366084,0.214398667920279,3.083618261240395,0,0,0,492
300,3000,5000,1,0.95,0.2999999902197356,-24.49602407546613,-0.07948996964301817,0.2333396708703371,0,0,0,484
300,3000,5000,1,1,0.004999999948890896,-33.34799931869535,-0.5971896933521609,0.6395988464990295,0,0,0,500
300,3000,5000,1,1,0.05000000238954469,-32.25640323752705,-0.2950167546729407,-0.1722365947381175,0,0,0,495
300,3000,5000,1,1,0.2999999902197356,-24.61506420905133,-0.10104008707319836,-0.0517924377978079,0,0,0,486
300,3000,20000,0.7,0.7,0.004999999948890896,108.42465399269267,136.03911270744487,135.3012237426768,0,0,0,987
300,3000,20000,0.7,0.7,0.05000000238954469,-31.4295639136177,0.05703725745988233,4.677340989893082,0,0,0,993
300,3000,20000,0.7,0.7,0.2999999902197356,-24.142609960072974,0.43952947153879374,0.9809118649974405,0,0,0,993
300,3000,20000,0.7,0.95,0.004999999948890896,-11.343969471166545,14.779075976499348,18.424791743604956,0,0,0,995
300,3000,20000,0.7,0.95,0.05000000238954469,-32.49539888725797,-0.19706327954481254,3.0836574914958543,0,0,0,991
300,3000,20000,0.7,0.95,0.2999999902197356,-24.457077358746208,0.13382691151974696,-0.04512511666634002,0,0,0,1000
300,3000,20000,0.7,1,0.004999999948890896,-32.903151359608806,0.480912366148781,0.6203440060683901,0,0,0,990
300,3000,20000,0.7,1,0.05000000238954469,-32.365864474967,-0.172132931888785,-0.2927160747533212,0,0,0,994
300,3000,20000,0.7,1,0.2999999902197356,-24.30074874690653,0.2659614636697643,-0.3428647432444316,0,0,0,992
300,3000,20000,0.95,0.7,0.004999999948890896,35.323665100647936,61.332930508249625,63.42315182566771,0,0,0,997
300,3000,20000,0.95,0.7,0.05000000238954469,-33.52941157837573,-1.3218624164431452,3.047511201926969,0,0,0,991
300,3000,20000,0.95,0.7,0.2999999902197356,-24.36454020987136,0.11615833771243239,0.9387405457820885,0,0,0,992
300,3000,20000,0.95,0.95,0.004999999948890896,-19.405106015051143,7.659385351409831,12.510130735672371,0,0,0,996
300,3000,20000,0.95,0.95,0.05000000238954469,-32.18292462585324,-0.1979572428659936,2.9070538312097876,0,0,0,994
300,3000,20000,0.95,0.95,0.2999999902197356,-24.482599037230944,0.005853574468845826,0.17795162980262905,0,0,0,996
300,3000,20000,0.95,1,0.004999999948890896,-33.555283137466446,-0.04763472928016983,-0.25924837945477935,0,0,0,990
300,3000,20000,0.95,1,0.05000000238954469,-32.16095157266994,0.026436881624311497,0.023124292022335527,0,0,0,995
300,3000,20000,0.95,1,0.2999999902197356,-24.529845135401388,-0.0022132573163717167,-0.11835808114335251,0,0,0,995
300,3000,20000,1,0.7,0.004999999948890896,40.170061321961256,61.40821554540712,65.4715556701895,0,0,0,992
300,3000,20000,1,0.7,0.05000000238954469,-33.24309861807759,-1.458244043955956,3.0991204548211737,0,0,0,993
300,3000,20000,1,0.7,0.2999999902197356,-24.607466377976262,-0.0177203426044564,0.8033923905804438,0,0,0,991
300,3000,20000,1,0.95,0.004999999948890896,-21.27368215570964,5.315641791685922,9.642287849669074,0,0,0,996
300,3000,20000,1,0.95,0.05000000238954469,-32.27506062501013,0.12959410707019928,3.034019052927262,0,0,0,987
300,3000,20000,1,0.95,0.2999999902197356,-24.53259328443157,-0.05511239308497894,0.23455302819833312,0,0,0,994
300,3000,20000,1,1,0.004999999948890896,-33.78699932318257,-0.05025695229728124,-0.10956616428741937,0,0,0,994
300,3000,20000,1,1,0.05000000238954469,-32.122103243945354,0.012064182465057654,-0.012742603482695193,0,0,0,995
300,3000,20000,1,1,0.2999999902197356,-24.508564205579326,-0.018739247512109015,0.0034945158016503317,0,0,0,993
3000,30,500,0.7,0.7,0.004999999948890896,1296.6775367265868,1366.2825030904949,1321.5886103930648,0,0,0,0
3000,30,500,0.7,0.7,0.05000000238954469,77.73874537966554,97.48207878508268,100.2806164225561,0,0,0,0
3000,30,500,0.7,0.7,0.2999999902197356,-28.58382869114084,-8.172989345196108,-6.478185988944906,0,0,0,0
3000,30,500,0.7,0.95,0.004999999948890896,395.0231341093811,412.45718200371977,419.396195591716,0,0,0,0
3000,30,500,0.7,0.95,0.05000000238954469,-8.325658193559201,15.142804028254405,20.603624434522,0,0,0,0
3000,30,500,0.7,0.95,0.2999999902197356,-25.761382245551406,-2.626489109211003,-1.1298899453016127,0,0,0,0
3000,30,500,0.7,1,0.004999999948890896,-33.60106593393551,-2.452768056690589,10.57416576345816,0,0,0,0
3000,30,500,0.7,1,0.05000000238954469,-32.88898027061421,-2.720356427238116,0.8063007188183449,0,0,0,0
3000,30,500,0.7,1,0.2999999902197356,-24.368857148101736,-2.0392748377478362,-0.8628467975578745,0,0,0,0
3000,30,500,0.95,0.7,0.004999999948890896,831.1930085739027,859.7425025603698,855.7234276710134,0,0,0,0
3000,30,500,0.95,0.7,0.05000000238954469,33.0299082454171,55.615583220392985,58.34976534136619,0,0,0,0
3000,30,500,0.95,0.7,0.2999999902197356,-31.008195596745132,-8.208226247304088,-5.767630940623122,0,0,0,0
3000,30,500,0.95,0.95,0.004999999948890896,315.3826633728232,346.05299320594736,347.5866433748998,0,0,0,0
3000,30,500,0.95,0.95,0.05000000238954469,-23.416773773037377,2.1718094328261572,5.706060921282607,0,0,0,0
3000,30,500,0.95,0.95,0.2999999902197356,-24.840850796278275,-1.7152981563861396,0.012384052586188,0,0,0,0
3000,30,500,0.95,1,0.004999999948890896,-34.71741990493733,-4.222105214185004,7.9954898139244035,0,0,0,0
3000,30,500,0.95,1,0.05000000238954469,-32.70793287848126,-2.745145458752933,-0.09539964739963737,0,0,0,0
3000,30,500,0.95,1,0.2999999902197356,-24.39438674744747,-1.994122609748655,-0.24820109562986933,0,0,0,0
3000,30,500,1,0.7,0.004999999948890896,795.8924084933789,817.2325941029987,828.4638070015246,0,0,0,0
3000,30,500,1,0.7,0.05000000238954469,26.617404835742175,44.93104825806737,50.57184211481968,0,0,0,0
3000,30,500,1,0.7,0.2999999902197356,-26.520776691373616,-4.251109003752345,-1.664177548977683,0,0,0,0
3000,30,500,1,0.95,0.004999999948890896,258.65064406015114,283.8183363214753,288.64449538205054,0,0,0,0
3000,30,500,1,0.95,0.05000000238954469,-19.529873577539984,5.271034805948415,9.541421297228885,0,0,0,0
3000,30,500,1,0.95,0.2999999902197356,-25.414501446361534,-2.0161261752717783,-0.21829079259553424,0,0,0,0
3000,30,500,1,1,0.004999999948890896,-33.3599993188178,-1.5754108032415148,5.990652422132593,0,0,0,0
3000,30,500,1,1,0.05000000238954469,-31.776003260485723,-2.646258887179671,0.9512548101340672,0,0,0,0
3000,30,500,1,1,0.2999999902197356,-24.370664201083677,-1.6366088499225568,0.279565477779965,0,0,0,0
3000,30,5000,0.7,0.7,0.004999999948890896,1223.9558729256441,1248.6985940035263,1250.0927089075649,0,0,0,482
3000,30,5000,0.7,0.7,0.05000000238954469,63.08664649667689,80.17356920496258,81.61836948867916,0,0,0,466
3000,30,5000,0.7,0.7,0.2999999902197356,-28.347362376419127,-7.362347607391329,-6.777416315447524,0,0,0,471
3000,30,5000,0.7,0.95,0.004999999948890896,421.45398859423227,439.32796612198365,443.0364285473513,0,0,0,493
3000,30,5000,0.7,0.95,0.05000000238954469,-14.699441985794707,10.349201103625957,13.003669010466044,0,0,0,492
3000,30,5000,0.7,0.95,0.2999999902197356,-25.35671407946458,-0.8378960839191,-1.0276335605526905,0,0,0,496
3000,30,5000,0.7,1,0.004999999948890896,-32.89765914954339,1.8111467996338615,2.7157183684655593,0,0,0,493
3000,30,5000,0.7,1,0.05000000238954469,-32.20409494694678,-0.0627430389771449,-0.08499956755459252,0,0,0,449
3000,30,5000,0.7,1,0.2999999902197356,-24.47356480925995,0.040163223664139686,-0.5709241855443135,0,0,0,492
3000,30,5000,0.95,0.7,0.004999999948890896,816.6880878893951,834.1725415338879,838.5841766797123,0,0,0,496
3000,30,5000,0.95,0.7,0.05000000238954469,39.157917061193665,59.39221363212691,61.847677286104215,0,0,0,478
3000,30,5000,0.95,0.7,0.2999999902197356,-27.707190252118384,-3.565369974304525,-2.7271065824687106,0,0,0,485
3000,30,5000,0.95,0.95,0.004999999948890896,274.5631208113599,293.26503015073314,296.30597446099887,0,0,0,465
3000,30,5000,0.95,0.95,0.05000000238954469,-20.628687056986976,4.893462435416842,7.60012349112235,0,0,0,465
3000,30,5000,0.95,0.95,0.2999999902197356,-25.270107104236907,-0.7552605662523435,-0.556281063394134,0,0,0,501
3000,30,5000,0.95,1,0.004999999948890896,-32.97914763327055,0.5370009855418882,1.2948616662363566,0,0,0,469
3000,30,5000,0.95,1,0.05000000238954469,-32.341367246500575,-0.2175028952156595,0.02771793209461811,0,0,0,463
3000,30,5000,0.95,1,0.2999999902197356,-24.54041648669342,-6.815528377001764e-5,-0.10745847353063304,0,0,0,468
3000,30,5000,1,0.7,0.004999999948890896,718.4353137754655,734.6768858556806,740.2137566420141,0,0,0,477
3000,30,5000,1,0.7,0.05000000238954469,15.243747071896125,33.920941348759115,36.82276134008891,0,0,0,460
3000,30,5000,1,0.7,0.2999999902197356,-27.64505267894003,-3.3801770198104615,-2.539166111174857,0,0,0,490
3000,30,5000,1,0.95,0.004999999948890896,257.23200365156157,273.6292436028993,277.9946769602244,0,0,0,493
3000,30,5000,1,0.95,0.05000000238954469,-21.6012874905869,4.590430553284381,7.064227297196009,0,0,0,463
3000,30,5000,1,0.95,0.2999999902197356,-25.108522181129963,-0.5420367765009729,-0.2870619397277127,0,0,0,527
3000,30,5000,1,1,0.004999999948890896,-33.79599932327463,0.5374902208813557,0.8584698659651079,0,0,0,491
3000,30,5000,1,1,0.05000000238954469,-32.24520323806229,-0.3840374971325096,-0.15810966315235953,0,0,0,494
3000,30,5000,1,1,0.2999999902197356,-24.41586420255723,0.10017234543060523,0.0562865461844804,0,0,0,495
3000,30,20000,0.7,0.7,0.004999999948890896,1237.0964093566731,1253.7227127336869,1255.2982383103463,0,0,0,992
3000,30,20000,0.7,0.7,0.05000000238954469,61.72538787915726,78.68799058795432,80.86738230831146,0,0,0,992
3000,30,20000,0.7,0.7,0.2999999902197356,-26.704282029786462,-5.017322538997445,-4.503541983066657,0,0,0,996
3000,30,20000,0.7,0.95,0.004999999948890896,405.1253648852572,423.5552436796119,426.15970086315355,0,0,0,995
3000,30,20000,0.7,0.95,0.05000000238954469,-18.824393932522867,6.197582321054904,8.670915373155289,0,0,0,993
3000,30,20000,0.7,0.95,0.2999999902197356,-26.162962528456056,-1.526342699161497,-1.756758142729326,0,0,0,994
3000,30,20000,0.7,1,0.004999999948890896,-33.38655028281616,-0.5259747347162184,0.15319703476669067,0,0,0,994
3000,30,20000,0.7,1,0.05000000238954469,-32.348596541201324,-0.018888113029775572,-0.32752866948370596,0,0,0,996
3000,30,20000,0.7,1,0.2999999902197356,-24.48872387387074,0.05291827915797589,-0.5799534217945712,0,0,0,992
3000,30,20000,0.95,0.7,0.004999999948890896,897.5896744421193,915.2980588240059,916.9795745534717,0,0,0,995
3000,30,20000,0.95,0.7,0.05000000238954469,24.058518962045135,41.410983100945636,44.27784036775251,0,0,0,991
3000,30,20000,0.95,0.7,0.2999999902197356,-28.130855875706278,-4.238638607737914,-3.4433105733530223,0,0,0,994
3000,30,20000,0.95,0.95,0.004999999948890896,284.5703333325,304.74383800366434,307.44427398902445,0,0,0,993
3000,30,20000,0.95,0.95,0.05000000238954469,-22.461222510419073,2.7769990448005157,5.165967198189877,0,0,0,996
3000,30,20000,0.95,0.95,0.2999999902197356,-24.980004786187493,-0.393779345488314,-0.19724444971599564,0,0,0,994
3000,30,20000,0.95,1,0.004999999948890896,-33.87824066659891,-0.4918710732995479,-0.4038319771708224,0,0,0,988
3000,30,20000,0.95,1,0.05000000238954469,-32.11553572861974,0.050514027262207946,0.04061191141228728,0,0,0,992
3000,30,20000,0.95,1,0.2999999902197356,-24.524998907221775,-0.012657552541072932,-0.1230664699442436,0,0,0,995
3000,30,20000,1,0.7,0.004999999948890896,853.2960252473424,871.6047207585151,873.9113785191483,0,0,0,996
3000,30,20000,1,0.7,0.05000000238954469,18.709649282094276,37.861630695014725,40.590392079198814,0,0,0,994
3000,30,20000,1,0.7,0.2999999902197356,-26.963335197888508,-2.9549247298252865,-2.10340463054094,0,0,0,996
3000,30,20000,1,0.95,0.004999999948890896,254.19827948262034,270.80784939041604,274.0635868764372,0,0,0,995
3000,30,20000,1,0.95,0.05000000238954469,-23.20089455699738,3.2080476502059985,5.657280086350782,0,0,0,996
3000,30,20000,1,0.95,0.2999999902197356,-24.936228087299202,-0.3727563178951451,-0.11781453198252997,0,0,0,994
3000,30,20000,1,1,0.004999999948890896,-33.34199931863388,0.005736144256824662,-0.12506467846994615,0,0,0,995
3000,30,20000,1,1,0.05000000238954469,-32.28660323608375,-0.16637945763479364,-0.19184473015350245,0,0,0,995
3000,30,20000,1,1,0.2999999902197356,-24.525664206136803,-0.04669172055719555,-0.03520507601285023,0,0,0,994
3000,300,500,0.7,0.7,0.004999999948890896,600.7034995301924,732.0579895887143,692.6017861002013,0,0,0,0
3000,300,500,0.7,0.7,0.05000000238954469,-5.3292269043640514,26.66123579370537,27.12693469104337,0,0,0,0
3000,300,500,0.7,0.7,0.2999999902197356,-26.063750271640366,-3.088390932208427,-1.2118258831963762,0,0,0,0
3000,300,500,0.7,0.95,0.004999999948890896,126.47895954416502,168.75027045589803,170.1873159763998,0,0,0,0
3000,300,500,0.7,0.95,0.05000000238954469,-30.7583352542116,-1.0116772615659273,4.20783129300285,0,0,0,0
3000,300,500,0.7,0.95,0.2999999902197356,-24.469153409507097,-1.97981839432392,-0.25820025965525806,0,0,0,0
3000,300,500,0.7,1,0.004999999948890896,-32.73286485536882,-5.312418889289155,6.708864473565309,0,0,0,0
3000,300,500,0.7,1,0.05000000238954469,-31.754773009835606,-1.9928319532510332,0.34383546996649533,0,0,0,0
3000,300,500,0.7,1,0.2999999902197356,-23.94171343707586,-1.0748771693829924,0.23830287750515336,0,0,0,0
3000,300,500,0.95,0.7,0.004999999948890896,337.2592529822858,426.94208424522446,402.69956181331696,0,0,0,0
3000,300,500,0.95,0.7,0.05000000238954469,-17.82845461814673,9.952304483110016,13.117034086673312,0,0,0,0
3000,300,500,0.95,0.7,0.2999999902197356,-24.167527647540012,-1.6148027541693755,0.8929362807533937,0,0,0,0
3000,300,500,0.95,0.95,0.004999999948890896,73.79068206239987,112.52011571843805,105.44652130149241,0,0,0,0
3000,300,500,0.95,0.95,0.05000000238954469,-32.65733324228423,-1.5340154484734925,2.7127072118211495,0,0,0,0
3000,300,500,0.95,0.95,0.2999999902197356,-24.47388124843933,-1.8247439519534543,-0.151581217553251,0,0,0,0
3000,300,500,0.95,1,0.004999999948890896,-34.84817163890966,-1.076485241041675,14.590899721099593,0,0,0,0
3000,300,500,0.95,1,0.05000000238954469,-32.624141591527035,-2.046773512902674,0.355838170055248,0,0,0,0
3000,300,500,0.95,1,0.2999999902197356,-24.18949621091497,-1.5169782661679965,0.2637756005996948,0,0,0,0
3000,300,500,1,0.7,0.004999999948890896,288.9315305258507,383.55016472227396,359.0167964558973,0,0,0,0
3000,300,500,1,0.7,0.05000000238954469,-23.127496761792514,5.33109457114759,7.484987719440791,0,0,0,0
3000,300,500,1,0.7,0.2999999902197356,-25.253682757092925,-2.505699477121207,0.38267077916076037,0,0,0,0
3000,300,500,1,0.95,0.004999999948890896,63.50636899240393,93.2111702057615,97.04429409746649,0,0,0,0
3000,300,500,1,0.95,0.05000000238954469,-34.82131005314271,-5.825162908439208,-0.8345270650091496,0,0,0,0
3000,300,500,1,0.95,0.2999999902197356,-24.34489811100148,-1.6118343576676837,0.40804785717230907,0,0,0,0
3000,300,500,1,1,0.004999999948890896,-34.83999933394609,-2.2808682698047553,10.892363220854588,0,0,0,0
3000,300,500,1,1,0.05000000238954469,-32.05200324729543,-2.3918224073563694,0.1797914351796521,0,0,0,0
3000,300,500,1,1,0.2999999902197356,-24.55733087383584,-1.724823457247286,-0.10859018470357283,0,0,0,0
3000,300,5000,0.7,0.7,0.004999999948890896,448.8347554572618,482.1760294380708,482.72456588901076,0,0,0,473
3000,300,5000,0.7,0.7,0.05000000238954469,-11.990524723342,11.477567425169775,14.420483938556789,0,0,0,472
3000,300,5000,0.7,0.7,0.2999999902197356,-25.313517133888805,-0.8846596564181473,-0.3070526509375836,0,0,0,452
3000,300,5000,0.7,0.95,0.004999999948890896,101.88633462889696,124.74835653189413,125.46604222773071,0,0,0,480
3000,300,5000,0.7,0.95,0.05000000238954469,-33.28767474682809,-1.5816618790343575,1.606063426008601,0,0,0,493
3000,300,5000,0.7,0.95,0.2999999902197356,-24.92581557642052,-0.40263447867631313,-0.6161252285026436,0,0,0,478
3000,300,5000,0.7,1,0.004999999948890896,-32.93124062236248,0.6351044730429346,0.8712445795294731,0,0,0,443
3000,300,5000,0.7,1,0.05000000238954469,-32.360607126864174,-0.3989160010880071,-0.37154345935777555,0,0,0,454
3000,300,5000,0.7,1,0.2999999902197356,-24.443224351688055,0.06353532131956838,-0.502347459705728,0,0,0,456
3000,300,5000,0.95,0.7,0.004999999948890896,260.75518824625124,290.8613225861186,289.0884055035113,0,0,0,510
3000,300,5000,0.95,0.7,0.05000000238954469,-26.81428117584521,0.17634646493719705,3.42788524220184,0,0,0,475
3000,300,5000,0.95,0.7,0.2999999902197356,-24.763422413869186,-0.2370263141280154,0.5915261996524306,0,0,0,515
3000,300,5000,0.95,0.95,0.004999999948890896,44.04295460102478,69.83709352501707,71.63739647259484,0,0,0,488
3000,300,5000,0.95,0.95,0.05000000238954469,-32.65676434821333,-0.38764184100109655,2.51838953050866,0,0,0,485
3000,300,5000,0.95,0.95,0.2999999902197356,-24.49653528670155,0.0425744704149296,0.24097591992560902,0,0,0,476
3000,300,5000,0.95,1,0.004999999948890896,-33.41469144243117,0.3903298495228258,1.4064824904877271,0,0,0,463
3000,300,5000,0.95,1,0.05000000238954469,-32.05046145685001,0.12457464593800936,0.23072333193742126,0,0,0,515
3000,300,5000,0.95,1,0.2999999902197356,-24.49224232965045,0.1171620313711616,-0.05495061300251822,0,0,0,487
3000,300,5000,1,0.7,0.004999999948890896,213.27786227784574,242.09203097402408,239.53575245966718,0,0,0,474
3000,300,5000,1,0.7,0.05000000238954469,-26.477038567751723,0.9305602413588279,4.408529936245832,0,0,0,492
3000,300,5000,1,0.7,0.2999999902197356,-24.93963247631561,-0.3784078959587054,0.472417844062214,0,0,0,474
3000,300,5000,1,0.95,0.004999999948890896,32.19502265283823,56.65430116169474,58.44685211170527,0,0,0,471
3000,300,5000,1,0.95,0.05000000238954469,-31.414356004719675,0.7324153134251986,3.6062823535029365,0,0,0,507
3000,300,5000,1,0.95,0.2999999902197356,-24.733829812045972,-0.36763077106021236,-0.023847693972848583,0,0,0,495
3000,300,5000,1,1,0.004999999948890896,-32.9039993141568,0.1321532602532008,1.3505155763612262,0,0,0,470
3000,300,5000,1,1,0.05000000238954469,-32.066003246626444,-0.013032036837315688,0.014357086870469347,0,0,0,496
3000,300,5000,1,1,0.2999999902197356,-24.439397536657772,-0.021209700113830297,0.029062938293683678,0,0,0,473
3000,300,20000,0.7,0.7,0.004999999948890896,447.5070239150021,467.84969867263123,470.2533717031309,0,0,0,994
3000,300,20000,0.7,0.7,0.05000000238954469,-11.181586869668454,11.998358123226808,15.244564005639315,0,0,0,995
3000,300,20000,0.7,0.7,0.2999999902197356,-25.96995800295075,-1.3842571859896968,-0.7483087352365337,0,0,0,992
3000,300,20000,0.7,0.95,0.004999999948890896,85.04465766869077,106.24316797523227,108.97739728580538,0,0,0,991
3000,300,20000,0.7,0.95,0.05000000238954469,-31.894029662009874,-0.6782613927106329,2.5968687988396932,0,0,0,994
3000,300,20000,0.7,0.95,0.2999999902197356,-24.530275338474024,-0.04256934640950542,-0.2518034497563635,0,0,0,994
3000,300,20000,0.7,1,0.004999999948890896,-33.50477581299492,-0.1904170141672909,0.05782233369138755,0,0,0,987
3000,300,20000,0.7,1,0.05000000238954469,-32.25254771715391,-0.0691201422951008,-0.24796797502057255,0,0,0,997
3000,300,20000,0.7,1,0.2999999902197356,-24.487621610022543,0.03625709309921177,-0.5671791411817776,0,0,0,992
3000,300,20000,0.95,0.7,0.004999999948890896,237.5349090875859,254.90565666092454,258.0579574913711,0,0,0,993
3000,300,20000,0.95,0.7,0.05000000238954469,-22.00534693548339,5.131219488333515,8.820082426325277,0,0,0,991
3000,300,20000,0.95,0.7,0.2999999902197356,-24.507309775839275,0.05483801898843606,0.825295402332754,0,0,0,993
3000,300,20000,0.95,0.95,0.004999999948890896,41.90521295922384,62.96040980061397,65.8757121844121,0,0,0,996
3000,300,20000,0.95,0.95,0.05000000238954469,-33.30401544262581,-1.1662961275725154,1.8174436965182328,0,0,0,991
3000,300,20000,0.95,0.95,0.2999999902197356,-24.55597615399677,-0.034876027744759286,0.14655650527699624,0,0,0,993
3000,300,20000,0.95,1,0.004999999948890896,-34.111806012149245,-0.9121667673272408,-1.0087837190112428,0,0,0,993
3000,300,20000,0.95,1,0.05000000238954469,-32.14523880863328,0.13708125075628425,0.0821725696484391,0,0,0,996
3000,300,20000,0.95,1,0.2999999902197356,-24.496469705851,0.044960588196864236,-0.06316620808749045,0,0,0,991
3000,300,20000,1,0.7,0.004999999948890896,227.2309094462026,245.55731012476517,249.12265087294287,0,0,0,995
3000,300,20000,1,0.7,0.05000000238954469,-28.0772597361566,-0.8496622865547765,2.8326434693073623,0,0,0,988
3000,300,20000,1,0.7,0.2999999902197356,-24.841526750439545,-0.35289609675933337,0.5173010464643366,0,0,0,993
3000,300,20000,1,0.95,0.004999999948890896,42.07474276361597,63.351709365637696,66.94274874675503,0,0,0,995
3000,300,20000,1,0.95,0.05000000238954469,-32.85232056036533,-0.5924275584615765,2.390849894937372,0,0,0,997
3000,300,20000,1,0.95,0.2999999902197356,-24.542846969299227,-0.014303102578272575,0.23487624598469198,0,0,0,996
3000,300,20000,1,1,0.004999999948890896,-33.32899931850095,-0.17833488543839926,0.23611391897137116,0,0,0,996
3000,300,20000,1,1,0.05000000238954469,-32.01030324928838,0.2900288528362377,0.33254480008037446,0,0,0,997
3000,300,20000,1,1,0.2999999902197356,-24.45653087054966,0.1319048963381199,0.11721408952629489,0,0,0,992
3000,3000,500,0.7,0.7,0.004999999948890896,421.8244728811029,600.1388331065359,529.0689339122109,0,0,0,0
3000,3000,500,0.7,0.7,0.05000000238954469,-12.498523444015536,24.857083143973654,23.316366969628536,0,0,0,0
3000,3000,500,0.7,0.7,0.2999999902197356,-24.019149721408297,-1.3635532548557319,0.9711374025374229,0,0,0,0
3000,3000,500,0.7,0.95,0.004999999948890896,79.90057883156388,137.37753913989056,137.7766882449487,0,0,0,0
3000,3000,500,0.7,0.95,0.05000000238954469,-30.470112139235127,1.4769986876551526,5.674649360680449,0,0,0,0
3000,3000,500,0.7,0.95,0.2999999902197356,-24.600211380124843,-1.9836095133742466,0.004606762727037632,0,0,0,0
3000,3000,500,0.7,1,0.004999999948890896,-31.311734949976135,-2.5766360716803676,13.629984439159653,0,0,0,0
3000,3000,500,0.7,1,0.05000000238954469,-31.19096936072144,0.0943080518501735,2.132492288621558,0,0,0,0
3000,3000,500,0.7,1,0.2999999902197356,-24.697392575975424,-1.4304794595156978,-0.6017856124894226,0,0,0,0
3000,3000,500,0.95,0.7,0.004999999948890896,208.76950456389574,302.8210016743177,274.4692021845854,0,0,0,0
3000,3000,500,0.95,0.7,0.05000000238954469,-27.041473513005574,4.384881813664135,8.226003844514103,0,0,0,0
3000,3000,500,0.95,0.7,0.2999999902197356,-24.112301737126405,-1.4456680892922644,1.132953440600559,0,0,0,0
3000,3000,500,0.95,0.95,0.004999999948890896,33.76341861321845,88.49378469266284,81.51170059184896,0,0,0,0
3000,3000,500,0.95,0.95,0.05000000238954469,-32.62637332886536,-1.3835195521112886,2.4934774637348442,0,0,0,0
3000,3000,500,0.95,0.95,0.2999999902197356,-24.342079307754506,-1.4391164592137904,0.36968169500668946,0,0,0,0
3000,3000,500,0.95,1,0.004999999948890896,-31.73508707438925,1.0891040656938993,18.44433214916799,0,0,0,0
3000,3000,500,0.95,1,0.05000000238954469,-33.00639782326539,-3.248648229837509,-1.2360722269821183,0,0,0,0
3000,3000,500,0.95,1,0.2999999902197356,-24.67302600722862,-1.8288223846590592,-0.29684748720377496,0,0,0,0
3000,3000,500,1,0.7,0.004999999948890896,186.99941255969546,306.4685317306475,275.7863882986557,0,0,0,0
3000,3000,500,1,0.7,0.05000000238954469,-28.87379509028964,1.9031889874345527,6.0381855377141616,0,0,0,0
3000,3000,500,1,0.7,0.2999999902197356,-24.488041626125153,-1.6105050358872524,0.7417650065403103,0,0,0,0
3000,3000,500,1,0.95,0.004999999948890896,24.75237986439818,67.07584241759449,68.73181776725772,0,0,0,0
3000,3000,500,1,0.95,0.05000000238954469,-31.055604970776233,-0.8035963385180206,4.7509277891266,0,0,0,0
3000,3000,500,1,0.95,0.2999999902197356,-24.445367709228062,-2.029323331832424,-0.023896571292690346,0,0,0,0
3000,3000,500,1,1,0.004999999948890896,-34.19999932740413,-4.1677744364736915,5.985478573855118,0,0,0,0
3000,3000,500,1,1,0.05000000238954469,-31.524003272529026,-1.3426259967611198,2.0205355751532212,0,0,0,0
3000,3000,500,1,1,0.2999999902197356,-24.217997529439938,-1.78184633733157,0.2852320246270967,0,0,0,0
3000,3000,5000,0.7,0.7,0.004999999948890896,133.7929483719873,174.94413360448908,172.20564378693172,0,0,0,463
3000,3000,5000,0.7,0.7,0.05000000238954469,-31.766836307791394,0.8219550249801573,4.123999842079741,0,0,0,506
3000,3000,5000,0.7,0.7,0.2999999902197356,-24.496398505396336,0.118705468311977,0.7060612404803767,0,0,0,498
3000,3000,5000,0.7,0.95,0.004999999948890896,3.0828184193671206,32.867517681294814,36.30787912145617,0,0,0,472
3000,3000,5000,0.7,0.95,0.05000000238954469,-31.983955262721782,0.18314736249740185,3.614603509436076,0,0,0,465
3000,3000,5000,0.7,0.95,0.2999999902197356,-24.828043007831567,-0.2827531086572226,-0.3740586588427393,0,0,0,504
3000,3000,5000,0.7,1,0.004999999948890896,-34.13853158641136,0.5342591788602182,0.2318125810054164,0,0,0,492
3000,3000,5000,0.7,1,0.05000000238954469,-32.06469591660757,0.1330969828387588,0.09859051202727963,0,0,0,467
3000,3000,5000,0.7,1,0.2999999902197356,-24.456655661185632,0.10534909201651767,-0.5153413186378241,0,0,0,487
3000,3000,5000,0.95,0.7,0.004999999948890896,59.619236043271634,90.23726758422036,89.62752681267071,0,0,0,488
3000,3000,5000,0.95,0.7,0.05000000238954469,-33.80075729774907,-1.5010399827250689,2.580518274687241,0,0,0,473
3000,3000,5000,0.95,0.7,0.2999999902197356,-24.727947071805684,-0.3104557381774184,0.515358474300996,0,0,0,454
3000,3000,5000,0.95,0.95,0.004999999948890896,-9.989781720776126,20.717126892750873,21.61353662575962,0,0,0,473
3000,3000,5000,0.95,0.95,0.05000000238954469,-31.967391276315205,0.6689201456241664,3.4039902558548825,0,0,0,475
3000,3000,5000,0.95,0.95,0.2999999902197356,-24.423012369863855,0.13088191660237788,0.34417574961744507,0,0,0,479
3000,3000,5000,0.95,1,0.004999999948890896,-32.945449124284785,0.5528156272675732,1.005281168724704,0,0,0,487
3000,3000,5000,0.95,1,0.05000000238954469,-32.312888488825934,-0.25685333121890086,-0.12163774220556163,0,0,0,485
3000,3000,5000,0.95,1,0.2999999902197356,-24.52654091689636,-0.12129440080076148,-0.1310308532604289,0,0,0,470
3000,3000,5000,1,0.7,0.004999999948890896,48.357277407389745,79.68755583570704,77.83733666121519,0,0,0,478
3000,3000,5000,1,0.7,0.05000000238954469,-31.854649128966862,-0.605635587548859,4.098760511664557,0,0,0,475
3000,3000,5000,1,0.7,0.2999999902197356,-24.637599237302727,-0.19343781505475585,0.699486317596347,0,0,0,452
3000,3000,5000,1,0.95,0.004999999948890896,-14.145080092749073,18.40095844385867,21.36232549963001,0,0,0,497
3000,3000,5000,1,0.95,0.05000000238954469,-32.16735541694706,0.1419718891685886,3.081243711695295,0,0,0,478
3000,3000,5000,1,0.95,0.2999999902197356,-24.643748135191593,-0.26952371231773403,0.056254735533810406,0,0,0,519
3000,3000,5000,1,1,0.004999999948890896,-33.30799931828647,0.9468587110927466,1.375449970468164,0,0,0,469
3000,3000,5000,1,1,0.05000000238954469,-32.27200323678151,0.02298549327275814,-0.06905954793852218,0,0,0,471
3000,3000,5000,1,1,0.2999999902197356,-24.517930872551354,0.03926151475749239,0.004780413187806693,0,0,0,479
3000,3000,20000,0.7,0.7,0.004999999948890896,124.5945693210688,150.5454836092475,151.75160654529824,0,0,0,995
3000,3000,20000,0.7,0.7,0.05000000238954469,-32.49777625568669,-1.5341689807789072,2.8133208819484223,0,0,0,993
3000,3000,20000,0.7,0.7,0.2999999902197356,-24.84005740608573,-0.3915322644663542,0.1891241288165987,0,0,0,994
3000,3000,20000,0.7,0.95,0.004999999948890896,-10.161289905955485,16.786380693398296,20.12036097961008,0,0,0,994
3000,3000,20000,0.7,0.95,0.05000000238954469,-32.332821708203866,-0.12185803066505473,3.1823316547230305,0,0,0,995
3000,3000,20000,0.7,0.95,0.2999999902197356,-24.439592556268124,0.07968109748134711,-0.08462475329941178,0,0,0,989
3000,3000,20000,0.7,1,0.004999999948890896,-33.31117870026897,0.2808846545229324,0.4085535801717138,0,0,0,994
3000,3000,20000,0.7,1,0.05000000238954469,-32.25222912237967,-0.006866622261201199,-0.21676940198880748,0,0,0,992
3000,3000,20000,0.7,1,0.2999999902197356,-24.530838631776398,0.008409222725821782,-0.6128805415714947,0,0,0,989
3000,3000,20000,0.95,0.7,0.004999999948890896,41.322279685564204,60.62520489507849,62.94814421634089,0,0,0,993
3000,3000,20000,0.95,0.7,0.05000000238954469,-33.275989622306696,-0.9257374002925458,3.238942001425656,0,0,0,991
3000,3000,20000,0.95,0.7,0.2999999902197356,-24.432830979296124,0.12894255300723828,0.9011899657853608,0,0,0,997
3000,3000,20000,0.95,0.95,0.004999999948890896,-27.46302755078185,0.5900869357906405,4.559355497344091,0,0,0,994
3000,3000,20000,0.95,0.95,0.05000000238954469,-32.67911996873941,-0.6393759671623758,2.4287843866208485,0,0,0,995
3000,3000,20000,0.95,0.95,0.2999999902197356,-24.522960674884512,0.0690088233493072,0.24165601796547953,0,0,0,992
3000,3000,20000,0.95,1,0.004999999948890896,-33.48561387689786,0.0073768112043981855,0.12106462961625335,0,0,0,994
3000,3000,20000,0.95,1,0.05000000238954469,-32.22809137371254,0.169758142508725,0.06980858337036215,0,0,0,991
3000,3000,20000,0.95,1,0.2999999902197356,-24.467770834605044,0.07288216726401137,-0.05908136598203601,0,0,0,991
3000,3000,20000,1,0.7,0.004999999948890896,45.685660280951524,70.67195818981168,73.62849425805844,0,0,0,993
3000,3000,20000,1,0.7,0.05000000238954469,-33.232788678354886,-1.0968772109998448,3.425353980091325,0,0,0,991
3000,3000,20000,1,0.7,0.2999999902197356,-24.50328297094342,0.007005291978322083,0.8439988791780821,0,0,0,997
3000,3000,20000,1,0.95,0.004999999948890896,-22.22504880038491,6.959911065797044,11.353150533250966,0,0,0,987
3000,3000,20000,1,0.95,0.05000000238954469,-32.0332664135606,0.19981293965050126,3.1550366278508046,0,0,0,993
3000,3000,20000,1,0.95,0.2999999902197356,-24.512435398777566,0.05726749046956396,0.2814723018751706,0,0,0,997
3000,3000,20000,1,1,0.004999999948890896,-33.4569993198094,-0.24406752074499738,-0.05186430751379665,0,0,0,990
3000,3000,20000,1,1,0.05000000238954469,-32.37800323171567,-0.2350461008392353,-0.15884992307388413,0,0,0,991
3000,3000,20000,1,1,0.2999999902197356,-24.511964205690173,0.04839516789414609,0.026869664210014018,0,0,0,997
