n_1,n_2,n_3,sigma_e,sigma_p,pi,hat_pi_RG,n_sims
30,30,500,0.7,0.7,0.005,1401.261319,10000
30,30,500,0.7,0.7,0.05,103.3199929,NA
30,30,500,0.7,0.7,0.3,-2.076768311,NA
30,30,500,0.7,0.95,0.005,436.8506355,NA
30,30,500,0.7,0.95,0.05,15.53717259,NA
30,30,500,0.7,0.95,0.3,0.588309791,NA
30,30,500,0.7,1,0.005,1.529531117,NA
30,30,500,0.7,1,0.05,1.503816484,NA
30,30,500,0.7,1,0.3,1.454833565,NA
30,30,500,0.95,0.7,0.005,884.0408853,NA
30,30,500,0.95,0.7,0.05,48.08494859,NA
30,30,500,0.95,0.7,0.3,-3.48371676,NA
30,30,500,0.95,0.95,0.005,308.3166625,NA
30,30,500,0.95,0.95,0.05,6.652018663,NA
30,30,500,0.95,0.95,0.3,-0.231793899,NA
30,30,500,0.95,1,0.005,0.702087962,NA
30,30,500,0.95,1,0.05,-0.051536136,NA
30,30,500,0.95,1,0.3,0.327723789,NA
30,30,500,1,0.7,0.005,821.9594899,NA
30,30,500,1,0.7,0.05,41.47694835,NA
30,30,500,1,0.7,0.3,-3.364155952,NA
30,30,500,1,0.95,0.005,289.441734,NA
30,30,500,1,0.95,0.05,5.636882287,NA
30,30,500,1,0.95,0.3,-0.358851473,NA
30,30,500,1,1,0.005,-0.024,NA
30,30,500,1,1,0.05,-0.2616,NA
30,30,500,1,1,0.3,-0.087733333,NA
30,30,5000,0.7,0.7,0.005,1283.189037,NA
30,30,5000,0.7,0.7,0.05,89.52634237,NA
30,30,5000,0.7,0.7,0.3,-2.879441519,NA
30,30,5000,0.7,0.95,0.005,441.1696085,NA
30,30,5000,0.7,0.95,0.05,15.50563257,NA
30,30,5000,0.7,0.95,0.3,0.825554197,NA
30,30,5000,0.7,1,0.005,1.464510953,NA
30,30,5000,0.7,1,0.05,1.78160602,NA
30,30,5000,0.7,1,0.3,1.758920527,NA
30,30,5000,0.95,0.7,0.005,850.4907375,NA
30,30,5000,0.95,0.7,0.05,43.95041687,NA
30,30,5000,0.95,0.7,0.3,-3.318501108,NA
30,30,5000,0.95,0.95,0.005,312.9961388,NA
30,30,5000,0.95,0.95,0.05,6.071106319,NA
30,30,5000,0.95,0.95,0.3,-0.274538058,NA
30,30,5000,0.95,1,0.005,-0.077846339,NA
30,30,5000,0.95,1,0.05,0.208732719,NA
30,30,5000,0.95,1,0.3,0.214698257,NA
30,30,5000,1,0.7,0.005,783.7800381,NA
30,30,5000,1,0.7,0.05,41.57702136,NA
30,30,5000,1,0.7,0.3,-3.210026798,NA
30,30,5000,1,0.95,0.005,278.8801931,NA
30,30,5000,1,0.95,0.05,2.960888429,NA
30,30,5000,1,0.95,0.3,-0.308407194,NA
30,30,5000,1,1,0.005,0.1336,NA
30,30,5000,1,1,0.05,0.00728,NA
30,30,5000,1,1,0.3,0.019906667,NA
30,30,20000,0.7,0.7,0.005,1362.008263,NA
30,30,20000,0.7,0.7,0.05,89.18296725,NA
30,30,20000,0.7,0.7,0.3,-2.578436128,NA
30,30,20000,0.7,0.95,0.005,434.3202463,NA
30,30,20000,0.7,0.95,0.05,14.95772248,NA
30,30,20000,0.7,0.95,0.3,0.885664449,NA
30,30,20000,0.7,1,0.005,1.457273698,NA
30,30,20000,0.7,1,0.05,1.66513352,NA
30,30,20000,0.7,1,0.3,1.525111307,NA
30,30,20000,0.95,0.7,0.005,852.0269072,NA
30,30,20000,0.95,0.7,0.05,44.77037594,NA
30,30,20000,0.95,0.7,0.3,-3.071111888,NA
30,30,20000,0.95,0.95,0.005,300.8985302,NA
30,30,20000,0.95,0.95,0.05,5.635481834,NA
30,30,20000,0.95,0.95,0.3,-0.350082065,NA
30,30,20000,0.95,1,0.005,-0.081967449,NA
30,30,20000,0.95,1,0.05,0.299376097,NA
30,30,20000,0.95,1,0.3,0.146670504,NA
30,30,20000,1,0.7,0.005,773.645443,NA
30,30,20000,1,0.7,0.05,37.44807201,NA
30,30,20000,1,0.7,0.3,-3.233653216,NA
30,30,20000,1,0.95,0.005,281.5887379,NA
30,30,20000,1,0.95,0.05,4.132764693,NA
30,30,20000,1,0.95,0.3,-0.485949313,NA
30,30,20000,1,1,0.005,0.1292,NA
30,30,20000,1,1,0.05,-0.00753,NA
30,30,20000,1,1,0.3,0.006836667,NA
30,300,500,0.7,0.7,0.005,616.4956531,NA
30,300,500,0.7,0.7,0.05,27.66976421,NA
30,300,500,0.7,0.7,0.3,2.724200676,NA
30,300,500,0.7,0.95,0.005,155.9424999,NA
30,300,500,0.7,0.95,0.05,1.244191298,NA
30,300,500,0.7,0.95,0.3,1.844623989,NA
30,300,500,0.7,1,0.005,1.273369222,NA
30,300,500,0.7,1,0.05,1.715519959,NA
30,300,500,0.7,1,0.3,1.572124617,NA
30,300,500,0.95,0.7,0.005,345.8447609,NA
30,300,500,0.95,0.7,0.05,7.246604669,NA
30,300,500,0.95,0.7,0.3,0.108481475,NA
30,300,500,0.95,0.95,0.005,92.03021667,NA
30,300,500,0.95,0.95,0.05,0.226320082,NA
30,300,500,0.95,0.95,0.3,0.260069343,NA
30,300,500,0.95,1,0.005,-0.495740267,NA
30,300,500,0.95,1,0.05,0.726726635,NA
30,300,500,0.95,1,0.3,0.207391095,NA
30,300,500,1,0.7,0.005,331.5324766,NA
30,300,500,1,0.7,0.05,5.130274383,NA
30,300,500,1,0.7,0.3,-0.065924407,NA
30,300,500,1,0.95,0.005,91.15668139,NA
30,300,500,1,0.95,0.05,-0.295169455,NA
30,300,500,1,0.95,0.3,0.017782181,NA
30,300,500,1,1,0.005,0.316,NA
30,300,500,1,1,0.05,-0.1548,NA
30,300,500,1,1,0.3,-0.036333333,NA
30,300,5000,0.7,0.7,0.005,483.7150312,NA
30,300,5000,0.7,0.7,0.05,17.72483069,NA
30,300,5000,0.7,0.7,0.3,4.696170577,NA
30,300,5000,0.7,0.95,0.005,116.8378034,NA
30,300,5000,0.7,0.95,0.05,1.328339279,NA
30,300,5000,0.7,0.95,0.3,1.800982629,NA
30,300,5000,0.7,1,0.005,1.199383067,NA
30,300,5000,0.7,1,0.05,1.657579856,NA
30,300,5000,0.7,1,0.3,1.723982382,NA
30,300,5000,0.95,0.7,0.005,277.1291594,NA
30,300,5000,0.95,0.7,0.05,3.817790237,NA
30,300,5000,0.95,0.7,0.3,0.121551893,NA
30,300,5000,0.95,0.95,0.005,75.31132042,NA
30,300,5000,0.95,0.95,0.05,0.05082913,NA
30,300,5000,0.95,0.95,0.3,0.135819454,NA
30,300,5000,0.95,1,0.005,0.656412823,NA
30,300,5000,0.95,1,0.05,0.420093591,NA
30,300,5000,0.95,1,0.3,0.168025152,NA
30,300,5000,1,0.7,0.005,251.1325794,NA
30,300,5000,1,0.7,0.05,2.264220468,NA
30,300,5000,1,0.7,0.3,-0.474273993,NA
30,300,5000,1,0.95,0.005,67.20788861,NA
30,300,5000,1,0.95,0.05,-0.245467341,NA
30,300,5000,1,0.95,0.3,-0.018211269,NA
30,300,5000,1,1,0.005,-0.2852,NA
30,300,5000,1,1,0.05,-0.07688,NA
30,300,5000,1,1,0.3,0.014346667,NA
30,300,20000,0.7,0.7,0.005,460.668251,NA
30,300,20000,0.7,0.7,0.05,16.78947932,NA
30,300,20000,0.7,0.7,0.3,4.120141873,NA
30,300,20000,0.7,0.95,0.005,117.2032954,NA
30,300,20000,0.7,0.95,0.05,0.991466101,NA
30,300,20000,0.7,0.95,0.3,1.871208759,NA
30,300,20000,0.7,1,0.005,1.392212964,NA
30,300,20000,0.7,1,0.05,1.601339317,NA
30,300,20000,0.7,1,0.3,1.479120697,NA
30,300,20000,0.95,0.7,0.005,260.5117101,NA
30,300,20000,0.95,0.7,0.05,2.248095848,NA
30,300,20000,0.95,0.7,0.3,0.095553002,NA
30,300,20000,0.95,0.95,0.005,73.83278409,NA
30,300,20000,0.95,0.95,0.05,0.03249583,NA
30,300,20000,0.95,0.95,0.3,0.182765946,NA
30,300,20000,0.95,1,0.005,0.127324672,NA
30,300,20000,0.95,1,0.05,0.136431933,NA
30,300,20000,0.95,1,0.3,0.144258119,NA
30,300,20000,1,0.7,0.005,250.4790094,NA
30,300,20000,1,0.7,0.05,1.116348476,NA
30,300,20000,1,0.7,0.3,-0.325438496,NA
30,300,20000,1,0.95,0.005,63.85452377,NA
30,300,20000,1,0.95,0.05,-0.320670164,NA
30,300,20000,1,0.95,0.3,-0.035310415,NA
30,300,20000,1,1,0.005,0.1141,NA
30,300,20000,1,1,0.05,0.00918,NA
30,300,20000,1,1,0.3,-0.022093333,NA
30,3000,500,0.7,0.7,0.005,429.9713884,NA
30,3000,500,0.7,0.7,0.05,16.74624636,NA
30,3000,500,0.7,0.7,0.3,5.420859105,NA
30,3000,500,0.7,0.95,0.005,93.31975427,NA
30,3000,500,0.7,0.95,0.05,1.621787715,NA
30,3000,500,0.7,0.95,0.3,1.763156729,NA
30,3000,500,0.7,1,0.005,1.216900017,NA
30,3000,500,0.7,1,0.05,1.837877589,NA
30,3000,500,0.7,1,0.3,1.389479795,NA
30,3000,500,0.95,0.7,0.005,228.0887143,NA
30,3000,500,0.95,0.7,0.05,2.098308919,NA
30,3000,500,0.95,0.7,0.3,0.604227415,NA
30,3000,500,0.95,0.95,0.005,56.06167092,NA
30,3000,500,0.95,0.95,0.05,0.616964154,NA
30,3000,500,0.95,0.95,0.3,0.229225734,NA
30,3000,500,0.95,1,0.005,0.046582191,NA
30,3000,500,0.95,1,0.05,0.125607445,NA
30,3000,500,0.95,1,0.3,0.343869525,NA
30,3000,500,1,0.7,0.005,204.090515,NA
30,3000,500,1,0.7,0.05,1.971125461,NA
30,3000,500,1,0.7,0.3,0.059771061,NA
30,3000,500,1,0.95,0.005,50.76985211,NA
30,3000,500,1,0.95,0.05,-0.139992201,NA
30,3000,500,1,0.95,0.3,-0.038039473,NA
30,3000,500,1,1,0.005,1.056,NA
30,3000,500,1,1,0.05,0.1764,NA
30,3000,500,1,1,0.3,-0.037,NA
30,3000,5000,0.7,0.7,0.005,172.4618151,NA
30,3000,5000,0.7,0.7,0.05,4.449232292,NA
30,3000,5000,0.7,0.7,0.3,4.900955624,NA
30,3000,5000,0.7,0.95,0.005,25.5895407,NA
30,3000,5000,0.7,0.95,0.05,1.697441106,NA
30,3000,5000,0.7,0.95,0.3,1.729301355,NA
30,3000,5000,0.7,1,0.005,1.51710585,NA
30,3000,5000,0.7,1,0.05,1.518294997,NA
30,3000,5000,0.7,1,0.3,1.563881315,NA
30,3000,5000,0.95,0.7,0.005,88.94053871,NA
30,3000,5000,0.95,0.7,0.05,0.045196634,NA
30,3000,5000,0.95,0.7,0.3,0.520246909,NA
30,3000,5000,0.95,0.95,0.005,12.4533225,NA
30,3000,5000,0.95,0.95,0.05,0.284872161,NA
30,3000,5000,0.95,0.95,0.3,0.192594811,NA
30,3000,5000,0.95,1,0.005,0.003056762,NA
30,3000,5000,0.95,1,0.05,0.09385338,NA
30,3000,5000,0.95,1,0.3,0.146474578,NA
30,3000,5000,1,0.7,0.005,75.92608339,NA
30,3000,5000,1,0.7,0.05,-0.259250699,NA
30,3000,5000,1,0.7,0.3,0.011703313,NA
30,3000,5000,1,0.95,0.005,9.399855867,NA
30,3000,5000,1,0.95,0.05,-0.15513612,NA
30,3000,5000,1,0.95,0.3,0.002212147,NA
30,3000,5000,1,1,0.005,-0.1096,NA
30,3000,5000,1,1,0.05,-0.06044,NA
30,3000,5000,1,1,0.3,0.022533333,NA
30,3000,20000,0.7,0.7,0.005,140.9776851,NA
30,3000,20000,0.7,0.7,0.05,5.014468346,NA
30,3000,20000,0.7,0.7,0.3,5.014256156,NA
30,3000,20000,0.7,0.95,0.005,18.63416636,NA
30,3000,20000,0.7,0.95,0.05,1.805657624,NA
30,3000,20000,0.7,0.95,0.3,2.007604747,NA
30,3000,20000,0.7,1,0.005,1.726114474,NA
30,3000,20000,0.7,1,0.05,1.760603938,NA
30,3000,20000,0.7,1,0.3,1.661284989,NA
30,3000,20000,0.95,0.7,0.005,63.02720022,NA
30,3000,20000,0.95,0.7,0.05,0.001737339,NA
30,3000,20000,0.95,0.7,0.3,0.474904354,NA
30,3000,20000,0.95,0.95,0.005,6.909127647,NA
30,3000,20000,0.95,0.95,0.05,0.179744209,NA
30,3000,20000,0.95,0.95,0.3,0.225762133,NA
30,3000,20000,0.95,1,0.005,0.06163378,NA
30,3000,20000,0.95,1,0.05,0.116520352,NA
30,3000,20000,0.95,1,0.3,0.203277005,NA
30,3000,20000,1,0.7,0.005,55.92376935,NA
30,3000,20000,1,0.7,0.05,-0.1456718,NA
30,3000,20000,1,0.7,0.3,-0.004755942,NA
30,3000,20000,1,0.95,0.005,5.073429795,NA
30,3000,20000,1,0.95,0.05,-0.106446969,NA
30,3000,20000,1,0.95,0.3,-0.023834709,NA
30,3000,20000,1,1,0.005,0.0444,NA
30,3000,20000,1,1,0.05,-0.00777,NA
30,3000,20000,1,1,0.3,0.003495,NA
300,30,500,0.7,0.7,0.005,1346.279751,NA
300,30,500,0.7,0.7,0.05,86.51414627,NA
300,30,500,0.7,0.7,0.3,-6.510928024,NA
300,30,500,0.7,0.95,0.005,428.7695058,NA
300,30,500,0.7,0.95,0.05,15.45308065,NA
300,30,500,0.7,0.95,0.3,-0.862133652,NA
300,30,500,0.7,1,0.005,0.27183455,NA
300,30,500,0.7,1,0.05,-0.281195841,NA
300,30,500,0.7,1,0.3,0.114286596,NA
300,30,500,0.95,0.7,0.005,873.3436271,NA
300,30,500,0.95,0.7,0.05,45.92985764,NA
300,30,500,0.95,0.7,0.3,-3.186207926,NA
300,30,500,0.95,0.95,0.005,309.8376978,NA
300,30,500,0.95,0.95,0.05,6.646495975,NA
300,30,500,0.95,0.95,0.3,-0.369806293,NA
300,30,500,0.95,1,0.005,0.184515525,NA
300,30,500,0.95,1,0.05,0.298062925,NA
300,30,500,0.95,1,0.3,0.084915756,NA
300,30,500,1,0.7,0.005,798.6553881,NA
300,30,500,1,0.7,0.05,42.41540528,NA
300,30,500,1,0.7,0.3,-3.154456502,NA
300,30,500,1,0.95,0.005,285.7132217,NA
300,30,500,1,0.95,0.05,4.743503945,NA
300,30,500,1,0.95,0.3,-0.313600743,NA
300,30,500,1,1,0.005,0.804,NA
300,30,500,1,1,0.05,-0.5532,NA
300,30,500,1,1,0.3,0.0372,NA
300,30,5000,0.7,0.7,0.005,1325.648214,NA
300,30,5000,0.7,0.7,0.05,84.80551888,NA
300,30,5000,0.7,0.7,0.3,-6.301306737,NA
300,30,5000,0.7,0.95,0.005,416.6018626,NA
300,30,5000,0.7,0.95,0.05,13.44053503,NA
300,30,5000,0.7,0.95,0.3,-0.563756624,NA
300,30,5000,0.7,1,0.005,0.173772752,NA
300,30,5000,0.7,1,0.05,0.111194879,NA
300,30,5000,0.7,1,0.3,0.120866061,NA
300,30,5000,0.95,0.7,0.005,831.3443247,NA
300,30,5000,0.95,0.7,0.05,46.01259434,NA
300,30,5000,0.95,0.7,0.3,-4.227690276,NA
300,30,5000,0.95,0.95,0.005,302.4352516,NA
300,30,5000,0.95,0.95,0.05,5.943051546,NA
300,30,5000,0.95,0.95,0.3,-0.474738404,NA
300,30,5000,0.95,1,0.005,-0.15103287,NA
300,30,5000,0.95,1,0.05,5.24E-04,NA
300,30,5000,0.95,1,0.3,-5.10E-04,NA
300,30,5000,1,0.7,0.005,785.387521,NA
300,30,5000,1,0.7,0.05,39.48685017,NA
300,30,5000,1,0.7,0.3,-3.311247302,NA
300,30,5000,1,0.95,0.005,287.8018621,NA
300,30,5000,1,0.95,0.05,4.248453213,NA
300,30,5000,1,0.95,0.3,-0.461562121,NA
300,30,5000,1,1,0.005,0.1624,NA
300,30,5000,1,1,0.05,0.0486,NA
300,30,5000,1,1,0.3,0.024666667,NA
300,30,20000,0.7,0.7,0.005,1262.680413,NA
300,30,20000,0.7,0.7,0.05,84.36714849,NA
300,30,20000,0.7,0.7,0.3,-6.870442812,NA
300,30,20000,0.7,0.95,0.005,432.2903916,NA
300,30,20000,0.7,0.95,0.05,12.42778549,NA
300,30,20000,0.7,0.95,0.3,-0.725455201,NA
300,30,20000,0.7,1,0.005,0.297341804,NA
300,30,20000,0.7,1,0.05,0.223060128,NA
300,30,20000,0.7,1,0.3,0.182008618,NA
300,30,20000,0.95,0.7,0.005,829.6284366,NA
300,30,20000,0.95,0.7,0.05,42.02661136,NA
300,30,20000,0.95,0.7,0.3,-3.595377244,NA
300,30,20000,0.95,0.95,0.005,299.8724099,NA
300,30,20000,0.95,0.95,0.05,5.818841908,NA
300,30,20000,0.95,0.95,0.3,-0.47641223,NA
300,30,20000,0.95,1,0.005,0.022952613,NA
300,30,20000,0.95,1,0.05,0.014253665,NA
300,30,20000,0.95,1,0.3,0.006610362,NA
300,30,20000,1,0.7,0.005,793.5722022,NA
300,30,20000,1,0.7,0.05,37.56711609,NA
300,30,20000,1,0.7,0.3,-3.724981449,NA
300,30,20000,1,0.95,0.005,281.9912241,NA
300,30,20000,1,0.95,0.05,4.535475181,NA
300,30,20000,1,0.95,0.3,-0.211175013,NA
300,30,20000,1,1,0.005,0.1262,NA
300,30,20000,1,1,0.05,0.01836,NA
300,30,20000,1,1,0.3,-0.004766667,NA
300,300,500,0.7,0.7,0.005,591.565416,NA
300,300,500,0.7,0.7,0.05,23.83271729,NA
300,300,500,0.7,0.7,0.3,-0.829870076,NA
300,300,500,0.7,0.95,0.005,143.6436681,NA
300,300,500,0.7,0.95,0.05,0.754634811,NA
300,300,500,0.7,0.95,0.3,0.110997588,NA
300,300,500,0.7,1,0.005,0.573099053,NA
300,300,500,0.7,1,0.05,0.067672329,NA
300,300,500,0.7,1,0.3,0.080792435,NA
300,300,500,0.95,0.7,0.005,348.0281346,NA
300,300,500,0.95,0.7,0.05,5.948552689,NA
300,300,500,0.95,0.7,0.3,-0.346800098,NA
300,300,500,0.95,0.95,0.005,95.64720459,NA
300,300,500,0.95,0.95,0.05,-0.329893034,NA
300,300,500,0.95,0.95,0.3,0.140821059,NA
300,300,500,0.95,1,0.005,0.552138973,NA
300,300,500,0.95,1,0.05,0.163893004,NA
300,300,500,0.95,1,0.3,0.049171345,NA
300,300,500,1,0.7,0.005,320.942204,NA
300,300,500,1,0.7,0.05,5.096652585,NA
300,300,500,1,0.7,0.3,-0.54835148,NA
300,300,500,1,0.95,0.005,92.05015419,NA
300,300,500,1,0.95,0.05,-0.090961574,NA
300,300,500,1,0.95,0.3,-0.086640674,NA
300,300,500,1,1,0.005,-0.004,NA
300,300,500,1,1,0.05,0.1176,NA
300,300,500,1,1,0.3,-0.155733333,NA
300,300,5000,0.7,0.7,0.005,456.6927996,NA
300,300,5000,0.7,0.7,0.05,12.86875192,NA
300,300,5000,0.7,0.7,0.3,-0.469039779,NA
300,300,5000,0.7,0.95,0.005,114.1296642,NA
300,300,5000,0.7,0.95,0.05,-0.385973147,NA
300,300,5000,0.7,0.95,0.3,0.073607807,NA
300,300,5000,0.7,1,0.005,-0.086470131,NA
300,300,5000,0.7,1,0.05,0.100773653,NA
300,300,5000,0.7,1,0.3,0.143588196,NA
300,300,5000,0.95,0.7,0.005,274.9312009,NA
300,300,5000,0.95,0.7,0.05,2.111668936,NA
300,300,5000,0.95,0.7,0.3,-0.373483939,NA
300,300,5000,0.95,0.95,0.005,70.19963133,NA
300,300,5000,0.95,0.95,0.05,-0.310037336,NA
300,300,5000,0.95,0.95,0.3,-0.038149654,NA
300,300,5000,0.95,1,0.005,-0.040258778,NA
300,300,5000,0.95,1,0.05,-0.031463045,NA
300,300,5000,0.95,1,0.3,-0.036922512,NA
300,300,5000,1,0.7,0.005,250.9474998,NA
300,300,5000,1,0.7,0.05,1.997561738,NA
300,300,5000,1,0.7,0.3,-0.435040555,NA
300,300,5000,1,0.95,0.005,65.3700901,NA
300,300,5000,1,0.95,0.05,-0.503996672,NA
300,300,5000,1,0.95,0.3,-0.085386905,NA
300,300,5000,1,1,0.005,0.0628,NA
300,300,5000,1,1,0.05,0.04044,NA
300,300,5000,1,1,0.3,-0.0287,NA
300,300,20000,0.7,0.7,0.005,441.348588,NA
300,300,20000,0.7,0.7,0.05,11.12639589,NA
300,300,20000,0.7,0.7,0.3,-0.519197841,NA
300,300,20000,0.7,0.95,0.005,113.0098491,NA
300,300,20000,0.7,0.95,0.05,0.417318485,NA
300,300,20000,0.7,0.95,0.3,0.179033284,NA
300,300,20000,0.7,1,0.005,0.299613876,NA
300,300,20000,0.7,1,0.05,0.143516875,NA
300,300,20000,0.7,1,0.3,0.22437423,NA
300,300,20000,0.95,0.7,0.005,269.7812337,NA
300,300,20000,0.95,0.7,0.05,1.70807421,NA
300,300,20000,0.95,0.7,0.3,-0.42684208,NA
300,300,20000,0.95,0.95,0.005,70.10352167,NA
300,300,20000,0.95,0.95,0.05,-0.170658878,NA
300,300,20000,0.95,0.95,0.3,-0.022376829,NA
300,300,20000,0.95,1,0.005,-0.12942873,NA
300,300,20000,0.95,1,0.05,0.023492291,NA
300,300,20000,0.95,1,0.3,0.025704343,NA
300,300,20000,1,0.7,0.005,245.4494124,NA
300,300,20000,1,0.7,0.05,2.369162707,NA
300,300,20000,1,0.7,0.3,-0.271921709,NA
300,300,20000,1,0.95,0.005,63.29619903,NA
300,300,20000,1,0.95,0.05,-0.555642718,NA
300,300,20000,1,0.95,0.3,-0.075102762,NA
300,300,20000,1,1,0.005,0.0265,NA
300,300,20000,1,1,0.05,-0.0283,NA
300,300,20000,1,1,0.3,0.006321667,NA
300,3000,500,0.7,0.7,0.005,395.8496825,NA
300,3000,500,0.7,0.7,0.05,10.76496281,NA
300,3000,500,0.7,0.7,0.3,0.523795319,NA
300,3000,500,0.7,0.95,0.005,89.33856896,NA
300,3000,500,0.7,0.95,0.05,-0.362440161,NA
300,3000,500,0.7,0.95,0.3,0.267580787,NA
300,3000,500,0.7,1,0.005,-0.130900382,NA
300,3000,500,0.7,1,0.05,0.040397455,NA
300,3000,500,0.7,1,0.3,0.131401684,NA
300,3000,500,0.95,0.7,0.005,221.4719786,NA
300,3000,500,0.95,0.7,0.05,2.311774405,NA
300,3000,500,0.95,0.7,0.3,-0.221673249,NA
300,3000,500,0.95,0.95,0.005,55.68315165,NA
300,3000,500,0.95,0.95,0.05,-0.226685529,NA
300,3000,500,0.95,0.95,0.3,-0.084586409,NA
300,3000,500,0.95,1,0.005,-0.28540039,NA
300,3000,500,0.95,1,0.05,0.063476731,NA
300,3000,500,0.95,1,0.3,-0.044725924,NA
300,3000,500,1,0.7,0.005,214.834466,NA
300,3000,500,1,0.7,0.05,1.413572037,NA
300,3000,500,1,0.7,0.3,-0.120793908,NA
300,3000,500,1,0.95,0.005,49.7936585,NA
300,3000,500,1,0.95,0.05,-0.424189285,NA
300,3000,500,1,0.95,0.3,0.021722964,NA
300,3000,500,1,1,0.005,0.852,NA
300,3000,500,1,1,0.05,0.0188,NA
300,3000,500,1,1,0.3,0.1192,NA
300,3000,5000,0.7,0.7,0.005,161.7303733,NA
300,3000,5000,0.7,0.7,0.05,-0.655303313,NA
300,3000,5000,0.7,0.7,0.3,0.130774879,NA
300,3000,5000,0.7,0.95,0.005,26.28146547,NA
300,3000,5000,0.7,0.95,0.05,0.22303216,NA
300,3000,5000,0.7,0.95,0.3,0.051228846,NA
300,3000,5000,0.7,1,0.005,-0.112092635,NA
300,3000,5000,0.7,1,0.05,0.315190824,NA
300,3000,5000,0.7,1,0.3,0.090140727,NA
300,3000,5000,0.95,0.7,0.005,85.93301875,NA
300,3000,5000,0.95,0.7,0.05,-0.813666364,NA
300,3000,5000,0.95,0.7,0.3,-0.05085503,NA
300,3000,5000,0.95,0.95,0.005,11.77929964,NA
300,3000,5000,0.95,0.95,0.05,-0.057408582,NA
300,3000,5000,0.95,0.95,0.3,-0.026927071,NA
300,3000,5000,0.95,1,0.005,-0.128814454,NA
300,3000,5000,0.95,1,0.05,0.089625933,NA
300,3000,5000,0.95,1,0.3,-0.010595628,NA
300,3000,5000,1,0.7,0.005,75.71127141,NA
300,3000,5000,1,0.7,0.05,-0.275549216,NA
300,3000,5000,1,0.7,0.3,-0.03510631,NA
300,3000,5000,1,0.95,0.005,9.780975885,NA
300,3000,5000,1,0.95,0.05,0.188725078,NA
300,3000,5000,1,0.95,0.3,-0.034681021,NA
300,3000,5000,1,1,0.005,0.3608,NA
300,3000,5000,1,1,0.05,0.05168,NA
300,3000,5000,1,1,0.3,0.019266667,NA
300,3000,20000,0.7,0.7,0.005,128.5712764,NA
300,3000,20000,0.7,0.7,0.05,-0.438878187,NA
300,3000,20000,0.7,0.7,0.3,0.305510963,NA
300,3000,20000,0.7,0.95,0.005,16.82356648,NA
300,3000,20000,0.7,0.95,0.05,-0.01283484,NA
300,3000,20000,0.7,0.95,0.3,0.175490561,NA
300,3000,20000,0.7,1,0.005,0.283449943,NA
300,3000,20000,0.7,1,0.05,0.163512591,NA
300,3000,20000,0.7,1,0.3,0.090912155,NA
300,3000,20000,0.95,0.7,0.005,67.4010182,NA
300,3000,20000,0.95,0.7,0.05,-0.059531625,NA
300,3000,20000,0.95,0.7,0.3,-0.016076444,NA
300,3000,20000,0.95,0.95,0.005,7.760606852,NA
300,3000,20000,0.95,0.95,0.05,-0.044180383,NA
300,3000,20000,0.95,0.95,0.3,0.012967877,NA
300,3000,20000,0.95,1,0.005,0.053623647,NA
300,3000,20000,0.95,1,0.05,-0.00375574,NA
300,3000,20000,0.95,1,0.3,0.017057912,NA
300,3000,20000,1,0.7,0.005,57.17382593,NA
300,3000,20000,1,0.7,0.05,-0.56397622,NA
300,3000,20000,1,0.7,0.3,-0.026690735,NA
300,3000,20000,1,0.95,0.005,5.691505386,NA
300,3000,20000,1,0.95,0.05,-0.035370457,NA
300,3000,20000,1,0.95,0.3,7.37E-04,NA
300,3000,20000,1,1,0.005,-0.0502,NA
300,3000,20000,1,1,0.05,0.0319,NA
300,3000,20000,1,1,0.3,0.005448333,NA
3000,30,500,0.7,0.7,0.005,1372.485186,NA
3000,30,500,0.7,0.7,0.05,84.41927419,NA
3000,30,500,0.7,0.7,0.3,-6.373930418,NA
3000,30,500,0.7,0.95,0.005,431.9876204,NA
3000,30,500,0.7,0.95,0.05,12.31616723,NA
3000,30,500,0.7,0.95,0.3,-0.855570691,NA
3000,30,500,0.7,1,0.005,0.143663971,NA
3000,30,500,0.7,1,0.05,-0.154802897,NA
3000,30,500,0.7,1,0.3,0.005882518,NA
3000,30,500,0.95,0.7,0.005,878.339296,NA
3000,30,500,0.95,0.7,0.05,45.69136336,NA
3000,30,500,0.95,0.7,0.3,-4.027302858,NA
3000,30,500,0.95,0.95,0.005,306.8947568,NA
3000,30,500,0.95,0.95,0.05,5.111948621,NA
3000,30,500,0.95,0.95,0.3,-0.536395538,NA
3000,30,500,0.95,1,0.005,0.170534683,NA
3000,30,500,0.95,1,0.05,-0.072954899,NA
3000,30,500,0.95,1,0.3,0.061800602,NA
3000,30,500,1,0.7,0.005,830.9864741,NA
3000,30,500,1,0.7,0.05,39.58964177,NA
3000,30,500,1,0.7,0.3,-2.693474024,NA
3000,30,500,1,0.95,0.005,287.2143054,NA
3000,30,500,1,0.95,0.05,4.921003276,NA
3000,30,500,1,0.95,0.3,-0.406794256,NA
3000,30,500,1,1,0.005,-0.244,NA
3000,30,500,1,1,0.05,0.3032,NA
3000,30,500,1,1,0.3,-0.112133333,NA
3000,30,5000,0.7,0.7,0.005,1301.207449,NA
3000,30,5000,0.7,0.7,0.05,83.92917617,NA
3000,30,5000,0.7,0.7,0.3,-6.519890976,NA
3000,30,5000,0.7,0.95,0.005,425.4087654,NA
3000,30,5000,0.7,0.95,0.05,12.38508167,NA
3000,30,5000,0.7,0.95,0.3,-0.98895813,NA
3000,30,5000,0.7,1,0.005,-0.049569744,NA
3000,30,5000,0.7,1,0.05,-0.043416801,NA
3000,30,5000,0.7,1,0.3,0.050121414,NA
3000,30,5000,0.95,0.7,0.005,863.414729,NA
3000,30,5000,0.95,0.7,0.05,41.62423229,NA
3000,30,5000,0.95,0.7,0.3,-3.223306377,NA
3000,30,5000,0.95,0.95,0.005,303.4243198,NA
3000,30,5000,0.95,0.95,0.05,5.868055787,NA
3000,30,5000,0.95,0.95,0.3,-0.573899223,NA
3000,30,5000,0.95,1,0.005,-0.102218107,NA
3000,30,5000,0.95,1,0.05,0.054176769,NA
3000,30,5000,0.95,1,0.3,-0.002414999,NA
3000,30,5000,1,0.7,0.005,785.4850583,NA
3000,30,5000,1,0.7,0.05,38.95493979,NA
3000,30,5000,1,0.7,0.3,-2.668299236,NA
3000,30,5000,1,0.95,0.005,290.0911586,NA
3000,30,5000,1,0.95,0.05,2.739411549,NA
3000,30,5000,1,0.95,0.3,-0.50852415,NA
3000,30,5000,1,1,0.005,0.0732,NA
3000,30,5000,1,1,0.05,0.04276,NA
3000,30,5000,1,1,0.3,-0.00274,NA
3000,30,20000,0.7,0.7,0.005,1291.356767,NA
3000,30,20000,0.7,0.7,0.05,83.9822274,NA
3000,30,20000,0.7,0.7,0.3,-7.348598546,NA
3000,30,20000,0.7,0.95,0.005,420.3154098,NA
3000,30,20000,0.7,0.95,0.05,13.15725193,NA
3000,30,20000,0.7,0.95,0.3,-1.087703095,NA
3000,30,20000,0.7,1,0.005,0.255140515,NA
3000,30,20000,0.7,1,0.05,0.028401187,NA
3000,30,20000,0.7,1,0.3,-0.001713904,NA
3000,30,20000,0.95,0.7,0.005,830.0587446,NA
3000,30,20000,0.95,0.7,0.05,47.36530706,NA
3000,30,20000,0.95,0.7,0.3,-4.164888741,NA
3000,30,20000,0.95,0.95,0.005,300.6792689,NA
3000,30,20000,0.95,0.95,0.05,4.053404597,NA
3000,30,20000,0.95,0.95,0.3,-0.445497511,NA
3000,30,20000,0.95,1,0.005,0.099809262,NA
3000,30,20000,0.95,1,0.05,-0.016897232,NA
3000,30,20000,0.95,1,0.3,0.017984177,NA
3000,30,20000,1,0.7,0.005,805.6614693,NA
3000,30,20000,1,0.7,0.05,37.78557585,NA
3000,30,20000,1,0.7,0.3,-3.556540084,NA
3000,30,20000,1,0.95,0.005,292.2709414,NA
3000,30,20000,1,0.95,0.05,4.034577247,NA
3000,30,20000,1,0.95,0.3,-0.439403362,NA
3000,30,20000,1,1,0.005,-0.1713,NA
3000,30,20000,1,1,0.05,0.02518,NA
3000,30,20000,1,1,0.3,-0.022875,NA
3000,300,500,0.7,0.7,0.005,570.512947,NA
3000,300,500,0.7,0.7,0.05,25.12853935,NA
3000,300,500,0.7,0.7,0.3,-1.200443117,NA
3000,300,500,0.7,0.95,0.005,149.8217209,NA
3000,300,500,0.7,0.95,0.05,-0.648056014,NA
3000,300,500,0.7,0.95,0.3,-0.085403631,NA
3000,300,500,0.7,1,0.005,0.038335897,NA
3000,300,500,0.7,1,0.05,-0.178649441,NA
3000,300,500,0.7,1,0.3,0.006838278,NA
3000,300,500,0.95,0.7,0.005,348.0284745,NA
3000,300,500,0.95,0.7,0.05,7.057224695,NA
3000,300,500,0.95,0.7,0.3,-0.2196698,NA
3000,300,500,0.95,0.95,0.005,91.95171973,NA
3000,300,500,0.95,0.95,0.05,-0.093371832,NA
3000,300,500,0.95,0.95,0.3,-0.068491234,NA
3000,300,500,0.95,1,0.005,-0.656291535,NA
3000,300,500,0.95,1,0.05,-0.095505629,NA
3000,300,500,0.95,1,0.3,0.059274273,NA
3000,300,500,1,0.7,0.005,324.7318131,NA
3000,300,500,1,0.7,0.05,5.48262859,NA
3000,300,500,1,0.7,0.3,-0.404417341,NA
3000,300,500,1,0.95,0.005,87.23632309,NA
3000,300,500,1,0.95,0.05,-0.77136133,NA
3000,300,500,1,0.95,0.3,-0.0326062,NA
3000,300,500,1,1,0.005,0.396,NA
3000,300,500,1,1,0.05,0.2688,NA
3000,300,500,1,1,0.3,0.0346,NA
3000,300,5000,0.7,0.7,0.005,453.2968852,NA
3000,300,5000,0.7,0.7,0.05,12.11524671,NA
3000,300,5000,0.7,0.7,0.3,-1.149678431,NA
3000,300,5000,0.7,0.95,0.005,110.3894518,NA
3000,300,5000,0.7,0.95,0.05,-0.597016952,NA
3000,300,5000,0.7,0.95,0.3,-0.057941131,NA
3000,300,5000,0.7,1,0.005,0.277032461,NA
3000,300,5000,0.7,1,0.05,0.06416463,NA
3000,300,5000,0.7,1,0.3,0.010756595,NA
3000,300,5000,0.95,0.7,0.005,270.8393511,NA
3000,300,5000,0.95,0.7,0.05,1.489269034,NA
3000,300,5000,0.95,0.7,0.3,-0.455699076,NA
3000,300,5000,0.95,0.95,0.005,70.70054448,NA
3000,300,5000,0.95,0.95,0.05,-0.311690534,NA
3000,300,5000,0.95,0.95,0.3,-0.03034623,NA
3000,300,5000,0.95,1,0.005,0.029096338,NA
3000,300,5000,0.95,1,0.05,0.051201155,NA
3000,300,5000,0.95,1,0.3,-0.002637846,NA
3000,300,5000,1,0.7,0.005,252.1784339,NA
3000,300,5000,1,0.7,0.05,-0.004910425,NA
3000,300,5000,1,0.7,0.3,-0.361875223,NA
3000,300,5000,1,0.95,0.005,66.34601939,NA
3000,300,5000,1,0.95,0.05,-0.423134557,NA
3000,300,5000,1,0.95,0.3,-0.085220814,NA
3000,300,5000,1,1,0.005,-0.1184,NA
3000,300,5000,1,1,0.05,0.004,NA
3000,300,5000,1,1,0.3,-0.033213333,NA
3000,300,20000,0.7,0.7,0.005,434.069237,NA
3000,300,20000,0.7,0.7,0.05,13.5482172,NA
3000,300,20000,0.7,0.7,0.3,-1.02980672,NA
3000,300,20000,0.7,0.95,0.005,105.2513782,NA
3000,300,20000,0.7,0.95,0.05,-1.637339552,NA
3000,300,20000,0.7,0.95,0.3,-0.02922126,NA
3000,300,20000,0.7,1,0.005,-0.118444487,NA
3000,300,20000,0.7,1,0.05,0.016090465,NA
3000,300,20000,0.7,1,0.3,0.034657975,NA
3000,300,20000,0.95,0.7,0.005,268.4429037,NA
3000,300,20000,0.95,0.7,0.05,1.991445009,NA
3000,300,20000,0.95,0.7,0.3,-0.285727808,NA
3000,300,20000,0.95,0.95,0.005,69.07222438,NA
3000,300,20000,0.95,0.95,0.05,-0.710279119,NA
3000,300,20000,0.95,0.95,0.3,-0.035884295,NA
3000,300,20000,0.95,1,0.005,0.136163214,NA
3000,300,20000,0.95,1,0.05,-0.027383653,NA
3000,300,20000,0.95,1,0.3,0.008679514,NA
3000,300,20000,1,0.7,0.005,244.6357339,NA
3000,300,20000,1,0.7,0.05,0.260436264,NA
3000,300,20000,1,0.7,0.3,-0.201405364,NA
3000,300,20000,1,0.95,0.005,64.26794295,NA
3000,300,20000,1,0.95,0.05,-0.200164225,NA
3000,300,20000,1,0.95,0.3,-0.012179368,NA
3000,300,20000,1,1,0.005,0.1536,NA
3000,300,20000,1,1,0.05,0.01064,NA
3000,300,20000,1,1,0.3,-0.003806667,NA
3000,3000,500,0.7,0.7,0.005,381.7662698,NA
3000,3000,500,0.7,0.7,0.05,9.765622994,NA
3000,3000,500,0.7,0.7,0.3,0.073747179,NA
3000,3000,500,0.7,0.95,0.005,91.44870054,NA
3000,3000,500,0.7,0.95,0.05,0.288992414,NA
3000,3000,500,0.7,0.95,0.3,-0.01420021,NA
3000,3000,500,0.7,1,0.005,0.705043736,NA
3000,3000,500,0.7,1,0.05,0.349014069,NA
3000,3000,500,0.7,1,0.3,0.078998931,NA
3000,3000,500,0.95,0.7,0.005,227.5790898,NA
3000,3000,500,0.95,0.7,0.05,2.145606606,NA
3000,3000,500,0.95,0.7,0.3,0.02235587,NA
3000,3000,500,0.95,0.95,0.005,53.27543291,NA
3000,3000,500,0.95,0.95,0.05,-0.876172302,NA
3000,3000,500,0.95,0.95,0.3,-0.074511799,NA
3000,3000,500,0.95,1,0.005,-0.737894689,NA
3000,3000,500,0.95,1,0.05,-0.039948888,NA
3000,3000,500,0.95,1,0.3,-0.04812042,NA
3000,3000,500,1,0.7,0.005,210.2000878,NA
3000,3000,500,1,0.7,0.05,1.38712111,NA
3000,3000,500,1,0.7,0.3,-0.147986672,NA
3000,3000,500,1,0.95,0.005,48.34822227,NA
3000,3000,500,1,0.95,0.05,-0.564978374,NA
3000,3000,500,1,0.95,0.3,0.088646729,NA
3000,3000,500,1,1,0.005,0.088,NA
3000,3000,500,1,1,0.05,0.2112,NA
3000,3000,500,1,1,0.3,-0.035466667,NA
3000,3000,5000,0.7,0.7,0.005,163.176116,NA
3000,3000,5000,0.7,0.7,0.05,-0.002133438,NA
3000,3000,5000,0.7,0.7,0.3,-0.049825972,NA
3000,3000,5000,0.7,0.95,0.005,24.25977437,NA
3000,3000,5000,0.7,0.95,0.05,-0.243640933,NA
3000,3000,5000,0.7,0.95,0.3,-0.095780685,NA
3000,3000,5000,0.7,1,0.005,-0.437475425,NA
3000,3000,5000,0.7,1,0.05,-0.009711827,NA
3000,3000,5000,0.7,1,0.3,0.050438619,NA
3000,3000,5000,0.95,0.7,0.005,86.20124928,NA
3000,3000,5000,0.95,0.7,0.05,-0.401491257,NA
3000,3000,5000,0.95,0.7,0.3,0.040810954,NA
3000,3000,5000,0.95,0.95,0.005,11.18119006,NA
3000,3000,5000,0.95,0.95,0.05,0.181040389,NA
3000,3000,5000,0.95,0.95,0.3,0.050494791,NA
3000,3000,5000,0.95,1,0.005,-0.230395977,NA
3000,3000,5000,0.95,1,0.05,0.00621372,NA
3000,3000,5000,0.95,1,0.3,-0.013048598,NA
3000,3000,5000,1,0.7,0.005,73.87786104,NA
3000,3000,5000,1,0.7,0.05,-0.187302654,NA
3000,3000,5000,1,0.7,0.3,-0.065208468,NA
3000,3000,5000,1,0.95,0.005,9.043591756,NA
3000,3000,5000,1,0.95,0.05,-0.066248606,NA
3000,3000,5000,1,0.95,0.3,-0.009091919,NA
3000,3000,5000,1,1,0.005,-0.1692,NA
3000,3000,5000,1,1,0.05,0.0234,NA
3000,3000,5000,1,1,0.3,-0.016066667,NA
3000,3000,20000,0.7,0.7,0.005,126.3557486,NA
3000,3000,20000,0.7,0.7,0.05,-0.95236835,NA
3000,3000,20000,0.7,0.7,0.3,0.0557731,NA
3000,3000,20000,0.7,0.95,0.005,15.64123361,NA
3000,3000,20000,0.7,0.95,0.05,-0.005923018,NA
3000,3000,20000,0.7,0.95,0.3,-0.004354893,NA
3000,3000,20000,0.7,1,0.005,0.152658277,NA
3000,3000,20000,0.7,1,0.05,0.027148078,NA
3000,3000,20000,0.7,1,0.3,0.012089193,NA
3000,3000,20000,0.95,0.7,0.005,67.77573405,NA
3000,3000,20000,0.95,0.7,0.05,-0.132651376,NA
3000,3000,20000,0.95,0.7,0.3,-0.006300625,NA
3000,3000,20000,0.95,0.95,0.005,8.758207105,NA
3000,3000,20000,0.95,0.95,0.05,-0.015075705,NA
3000,3000,20000,0.95,0.95,0.3,0.022297338,NA
3000,3000,20000,0.95,1,0.005,0.132515531,NA
3000,3000,20000,0.95,1,0.05,0.014913493,NA
3000,3000,20000,0.95,1,0.3,0.001966636,NA
3000,3000,20000,1,0.7,0.005,60.58002864,NA
3000,3000,20000,1,0.7,0.05,0.048024579,NA
3000,3000,20000,1,0.7,0.3,-0.058011935,NA
3000,3000,20000,1,0.95,0.005,6.591771071,NA
3000,3000,20000,1,0.95,0.05,-0.194028522,NA
3000,3000,20000,1,0.95,0.3,-0.027577816,NA
3000,3000,20000,1,1,0.005,0.0023,NA
3000,3000,20000,1,1,0.05,0.01869,NA
3000,3000,20000,1,1,0.3,0.029971667,NA