n_1,n_2,n_3,sigma_e,sigma_p,prev,sigma_e_hat,sigma_p_hat,rho_hat,ESE_hat_pi_RG,ASE_hat_pi_RG,covers_pi_RG,ESE_hat_pi_SRG,ASE_hat_pi_SRG,covers_pi_SRG,ESE_hat_pi_SRGM,ASE_hat_pi_SRGM,covers_pi_SRGM,num_infinite_pi_RG,num_infinite_pi_SRG,num_infinite_pi_SRGM,n_strata_obs_full,hat_pi_RG,hat_pi_SRG,hat_pi_SRGM
40,250,2500,0.8,0.8,0.009912299793487728,0.801175,0.799448,0.2039296,0.026761063040729286,0.04511447701784558,0.965,0.0285691737811874,0.046261645941739066,0.963,0.0281699703999104,0.044990565751465816,0.952,0,109,0,891,101.26681324805665,128.80630610920556,126.71926478638333
40,250,2500,0.8,0.8,0.020076306911179623,0.80175,0.80064,0.2083084,0.028994570406765213,0.044609618108761205,0.975,0.03165722609706087,0.04573535141207772,0.961,0.03213779222131876,0.044359251057459144,0.946,0,108,0,892,26.67023813424207,50.21199770777975,53.09305162302702
40,250,2500,0.8,0.8,0.029563346468374517,0.7987,0.798948,0.2118012,0.029915593884681152,0.04491733926888409,0.981,0.03419885929053559,0.04602560939213866,0.967,0.03398556286204994,0.044546488372487016,0.957,0,101,0,899,-7.021785381626644,17.13827669203525,20.877898457184966
40,250,2500,0.8,0.8,0.03918241873065851,0.80065,0.801072,0.2159572,0.03408005800997957,0.04419499024131528,0.973,0.03798651592070168,0.04528140687422613,0.954,0.037955433434283786,0.04362372966549337,0.94,0,112,0,888,-10.78255513885644,16.308436071946325,19.411614238357043
40,250,2500,0.8,0.8,0.04999999597153313,0.79995,0.799072,0.2204684,0.03472818013770498,0.044385253139770736,0.983,0.03891420288208002,0.04536282957304324,0.969,0.03957507899657297,0.04367822846391631,0.951,0,124,0,876,-22.877008285564624,5.282993212685965,7.193267722578481
40,250,2500,0.8,0.8,0.06130798519473956,0.795075,0.799632,0.2252244,0.0366213728771056,0.04440661265306808,0.994,0.04152306759958413,0.04547245626477003,0.973,0.041242083964950584,0.04347899413174461,0.953,0,95,0,905,-26.263162648748082,2.863773132035515,6.48995970708543
40,250,2500,0.8,0.8,0.07004357654639723,0.800325,0.8001480000000001,0.2290084,0.038202755219991835,0.04376587883583432,0.995,0.04311430400934253,0.04495654254183874,0.965,0.04290928303440627,0.04269158013614075,0.942,0,119,0,881,-26.991456448367764,1.9276125523760639,5.379452137310183
40,250,2500,0.8,0.8,0.07985389946003679,0.7998,0.8010280000000001,0.2327888,0.038680894950648685,0.04351874504153307,0.992,0.04287395417468241,0.04468854532264063,0.962,0.04207393877588518,0.04222439405937188,0.94,0,108,0,892,-27.656169462936383,2.5714604024270646,6.463517671787561
40,250,2500,0.8,0.8,0.09005769599673488,0.801225,0.7999040000000001,0.2373016,0.03872380204014202,0.04341926245961255,0.987,0.04278622928849167,0.04471627545868922,0.981,0.04264634395930137,0.04197063964058638,0.953,0,93,0,907,-29.8294713178313,-1.3489281818837584,2.7341550190607258
40,250,2500,0.8,0.8,0.10092145976379437,0.797225,0.800064,0.2418976,0.03979025691322723,0.043571984219971056,0.947,0.04264245905615969,0.04480364740284337,0.965,0.042972862981023686,0.04182380983713738,0.939,0,122,0,878,-30.009624107290126,1.443672506820686,3.747299250270921
40,250,2500,0.8,0.8,0.10830453384621769,0.800325,0.799748,0.2454096,0.041075723171091545,0.043336170854007906,0.925,0.04488790091468258,0.04482402476433754,0.964,0.044259638629169394,0.04141497649677459,0.933,0,103,0,897,-30.33213857712494,-0.15592941080174913,2.879812880050466
40,250,2500,0.8,0.8,0.11995767669210997,0.798,0.798628,0.2504852,0.043161459723283224,0.043705497869539096,0.89,0.04653683552966937,0.045155619263023375,0.953,0.04597123999260788,0.04143794332323869,0.92,0,124,0,876,-31.32014766974167,-0.8408593519490014,1.8344333649780473
40,250,2500,0.8,0.8,0.1299855839797041,0.797325,0.7988120000000001,0.2539384,0.044189685475546,0.04357751370114391,0.848,0.04728702459259676,0.04509270381665704,0.95,0.0463635076035174,0.04106053171712779,0.919,0,109,0,891,-32.01753750902254,-1.5430023243028415,0.6720071371652585
40,250,2500,0.8,0.8,0.14011042979399077,0.80065,0.801056,0.2588876,0.041340576513500774,0.04286414989820423,0.88,0.04388209352907002,0.044662641222743715,0.962,0.04331467454811327,0.04005512838232105,0.932,0,101,0,899,-28.9567783706151,1.791205706025753,3.0014539403626195
40,250,2500,0.8,0.8,0.15025204503364473,0.801225,0.8002560000000001,0.2636704,0.04348159220927335,0.04291490106597228,0.819,0.04629485263550432,0.04475390974623447,0.962,0.045092325049307755,0.03979524838307031,0.917,0,117,0,883,-29.3687991464712,-0.33562531666473217,1.939220349662282
40,250,2500,0.8,0.8,0.16032946675383158,0.79885,0.802,0.2682656,0.042581447808549854,0.04276654027205614,0.845,0.04555255636211521,0.045064557477699045,0.957,0.044173601651752194,0.03921331249243575,0.913,0,125,0,875,-27.182056872502862,2.530956557865509,4.22036547611386
40,250,2500,0.8,0.8,0.17026230863197309,0.80325,0.800848,0.2730552,0.04365817372966573,0.042604759733002096,0.799,0.046664494428826024,0.04489472677673377,0.955,0.04546474944451018,0.038784312931284905,0.907,0,93,0,907,-28.199225470380757,1.2753100319426884,2.8286217752366887
40,250,2500,0.8,0.8,0.1806330198259395,0.80155,0.799108,0.27761,0.04357872268843176,0.04299750474390428,0.772,0.047300726314326275,0.04535617911606309,0.954,0.0459275823727768,0.03887494804468829,0.905,0,102,0,898,-29.28542566780157,-0.7602426639665228,0.8057279905463886
40,250,2500,0.8,0.8,0.1900678398849502,0.79945,0.79884,0.2819588,0.04496205748847558,0.04332561256254909,0.746,0.04822106869432896,0.045885453471667684,0.957,0.04734753094398474,0.038732125458454864,0.901,0,104,0,896,-28.87494020166753,-0.3181662807552255,1.2259932171191625
40,250,2500,0.8,0.8,0.1998390882015514,0.799275,0.800668,0.2866288,0.04335760649711164,0.043019903413272664,0.754,0.04532757524689244,0.04573789070757046,0.955,0.045100913924138036,0.03800639637705746,0.897,0,106,0,894,-27.16193575266705,1.4283129836986261,2.4124704388591223
40,250,2500,0.8,0.95,0.009912299793487728,0.8025,0.950244,0.0548372,0.012912623822310692,0.019282078604310034,0.96,0.014661395109201275,0.01999504585919898,0.946,0.014632048925363723,0.019388521115386345,0.933,0,109,0,891,19.18822317632816,45.41526284951774,48.42770086875506
40,250,2500,0.8,0.95,0.020076306911179623,0.80125,0.949804,0.0602168,0.014699978489894962,0.01941267010235086,0.975,0.016810352723502536,0.020278278314191264,0.958,0.016993728962350973,0.019561255945045403,0.934,0,108,0,892,-19.261783492219386,9.223570736890757,12.904071530663085
40,250,2500,0.8,0.95,0.029563346468374517,0.7992,0.9498679999999999,0.0646188,0.015883633423267977,0.019453838060885097,0.986,0.018142640356641402,0.02048999577380606,0.968,0.018248625339209405,0.019612702668247745,0.954,0,100,0,900,-29.140573563906372,1.5625557329899502,4.685075208103596
40,250,2500,0.8,0.95,0.03918241873065851,0.79985,0.950788,0.0698144,0.017769398511830504,0.019319149770654912,0.986,0.019720076668920613,0.020525248284487225,0.959,0.019643129466577886,0.01945297107708782,0.939,0,108,0,892,-28.69313514866507,1.3180840668181553,6.305306252726274
40,250,2500,0.8,0.95,0.04999999597153313,0.801775,0.950132,0.075381599999999993,0.019338629403811702,0.019425358373945708,0.899,0.021571045256621985,0.020810329781876268,0.95,0.021054889596704943,0.019503093878510767,0.928,0,100,0,900,-31.18584184786007,0.4143552233068412,3.565042184903744
40,250,2500,0.8,0.95,0.06130798519473956,0.7984,0.9497,0.0810836,0.018168100560931016,0.019664233121675877,0.89,0.02029127614850168,0.021250485718392324,0.959,0.020006546453101556,0.01968450528800406,0.924,0,104,0,896,-32.59368641616638,-0.8709345549614823,2.2389461462445612
40,250,2500,0.8,0.95,0.07004357654639723,0.800925,0.950148,0.0860104,0.018944468301308665,0.019603835213697504,0.85,0.020858793549061384,0.021410642883951315,0.961,0.02021766473642168,0.019535959665922975,0.932,0,120,0,880,-31.189149592739792,0.5113590651082396,3.05675793758058
40,250,2500,0.8,0.95,0.07985389946003679,0.799025,0.949668,0.0910204,0.019915215883613595,0.019867288389318855,0.774,0.022113111132407205,0.021871496760388447,0.957,0.021708563215087746,0.019669202555856784,0.915,0,113,0,887,-31.679287116428156,-0.5124105613527361,2.324876644761275
40,250,2500,0.8,0.95,0.09005769599673488,0.801225,0.9499879999999999,0.096648800000000007,0.019900469190282467,0.01987265688669193,0.729,0.022645778666136297,0.02207311637261087,0.956,0.02201308807535841,0.01953139623785234,0.909,0,107,0,893,-30.841326244421708,0.2129318068565715,2.3553593830772233
40,250,2500,0.8,0.95,0.10092145976379437,0.800575,0.950236,0.1023804,0.02044680638602014,0.020017502555398407,0.667,0.022613201026087222,0.02242925972246807,0.951,0.022178662297419147,0.019503768013706856,0.902,0,112,0,888,-30.48452349750273,0.841917051574133,2.618323649798637
40,250,2500,0.8,0.95,0.10830453384621769,0.797075,0.9506239999999999,0.1062164,0.02014409073129151,0.02019767167400647,0.641,0.023089212627069994,0.02285998887953922,0.958,0.022736131884404664,0.01949475685451015,0.905,0,103,0,897,-29.59205093302938,1.405079302041822,2.948968326046845
40,250,2500,0.8,0.95,0.11995767669210997,0.802225,0.950112,0.1126176,0.019955231906347428,0.02030585097443948,0.555,0.023509243205331733,0.023050370615104704,0.956,0.022861840856556608,0.01942924520822785,0.902,0,113,0,887,-30.265613708272518,-0.3771557611873907,1.5839921050709214
40,250,2500,0.8,0.95,0.1299855839797041,0.798575,0.950352,0.1183748,0.020056715544281834,0.020618281770480067,0.528,0.023749331069590984,0.023793409494987924,0.96,0.02286930820717691,0.019446954182689376,0.899,0,99,0,901,-29.15512598198386,1.076060725303872,2.364802168375267
40,250,2500,0.8,0.95,0.14011042979399077,0.798775,0.950436,0.1240436,0.020268226664552594,0.020832714121009663,0.481,0.024294308665587808,0.024089727195502023,0.948,0.023582532807158465,0.01937522988959966,0.896,0,89,0,911,-28.73736137379585,1.267229559481017,2.46652882527752
40,250,2500,0.8,0.95,0.15025204503364473,0.799975,0.9489639999999999,0.12948,0.020890892654020873,0.021230201102524604,0.414,0.024609267248608704,0.024677352202258328,0.952,0.024050676731270256,0.01956960616664008,0.882,0,97,0,903,-29.956272138452743,-0.5680458729479421,0.6008731523337016
40,250,2500,0.8,0.95,0.16032946675383158,0.801375,0.950224,0.1355072,0.021186231436508027,0.021273915666068417,0.387,0.024949239206090996,0.02500783541397941,0.959,0.024257725643637675,0.019264863335457166,0.873,0,108,0,892,-28.545107176956265,0.47321999179126667,1.5869820217513047
40,250,2500,0.8,0.95,0.17026230863197309,0.802325,0.950156,0.1410468,0.021537203015013856,0.021509054104509047,0.366,0.02470737931432005,0.025332031470485884,0.962,0.024344779295891374,0.019201136219405227,0.874,0,104,0,896,-28.456479650871366,-0.02293545003576903,1.2464344065540205
40,250,2500,0.8,0.95,0.1806330198259395,0.79865,0.949584,0.1467584,0.021494449489375456,0.021998593004310694,0.34,0.025440064263235883,0.026161587452727703,0.962,0.024832452509322336,0.019339236420236938,0.873,0,126,0,874,-28.440135666461995,0.5264913271675482,1.0660322467074008
40,250,2500,0.8,0.95,0.1900678398849502,0.80215,0.950452,0.1523972,0.022435571551140218,0.022088938206268876,0.31,0.027107281631722917,0.026386852408189172,0.947,0.02646162727313358,0.019062087477175107,0.847,0,102,0,898,-27.718616655771374,0.41138644325550905,1.0249671662171829
40,250,2500,0.8,0.95,0.1998390882015514,0.802,0.950472,0.1584544,0.021490680338298603,0.02242309523273726,0.3,0.026354224239411087,0.026917456296866142,0.953,0.025491617061638397,0.01901498341444039,0.871,0,98,0,902,-27.188789825930684,0.44948715388602684,1.089505697775019
40,250,2500,0.8,0.99,0.009912299793487728,0.796,0.989864,0.0155364,0.006733905892471784,0.008400413277666142,0.925,0.008179300969709315,0.009142019395707955,0.913,0.008000528678541436,0.008736736283709648,0.889,0,103,0,897,-17.7165456288155,12.2531110495235,16.33742524437588
40,250,2500,0.8,0.99,0.020076306911179623,0.79845,0.9900599999999999,0.020602,0.008174227231897566,0.008526928839395957,0.975,0.009851803359469497,0.00965168178958728,0.938,0.009644483642868178,0.009035962630846097,0.896,0,101,0,899,-30.3011140881609,0.8415849338110876,3.9847508433279013
40,250,2500,0.8,0.99,0.029563346468374517,0.801325,0.990224,0.0257728,0.008490209561276598,0.008717134894375304,0.909,0.01029858780009571,0.010275948792063552,0.954,0.009922315410238438,0.009347644921402592,0.918,0,86,0,914,-30.978951668116846,2.372916669888165,4.204717686463242
40,250,2500,0.8,0.99,0.03918241873065851,0.80475,0.98986,0.0309564,0.009037517972278308,0.009064090409655823,0.74,0.011099963925078473,0.010924448993827062,0.949,0.010776592607211212,0.00976455386688278,0.916,0,106,0,894,-32.72853647139601,-0.21020089946789275,1.8795869149508027
40,250,2500,0.8,0.99,0.04999999597153313,0.800025,0.990256,0.036832,0.009118642309906333,0.009342541641183722,0.633,0.011751625709325576,0.01164061519984007,0.95,0.011037391046405316,0.010018261807607594,0.913,0,111,0,889,-31.10469158410037,0.8919165516608277,2.5765475005085183
40,250,2500,0.8,0.99,0.06130798519473956,0.8028,0.989976,0.0431884,0.009565847377649827,0.009765204526585908,0.473,0.011935792321874819,0.012369700736778868,0.966,0.01147792558205226,0.010387523647289586,0.913,0,114,0,886,-31.481077647398294,0.22942653596768448,1.4924698015996694
40,250,2500,0.8,0.99,0.07004357654639723,0.79985,0.990208,0.047966,0.010422489108908521,0.01006812836748715,0.387,0.013463844998358272,0.013025744854825674,0.952,0.012884010570437818,0.01059873880916672,0.881,0,91,0,909,-30.607088787687225,1.266484459803279,2.40720896877748
40,250,2500,0.8,0.99,0.07985389946003679,0.806175,0.990176,0.0532884,0.01082933317621828,0.010313659826991842,0.292,0.014127545137272034,0.013525384252500352,0.951,0.013564897506887183,0.010775122118994132,0.872,0,93,0,907,-31.268146173589358,0.21779826886329276,1.1540578306176397
40,250,2500,0.8,0.99,0.09005769599673488,0.80115,0.990304,0.058884,0.010901719049883504,0.010765995184996059,0.266,0.014717296510727097,0.014272290317483366,0.956,0.0140960431269048,0.011012659595769319,0.868,0,103,0,897,-30.586265688927064,0.5460249192694311,1.2811950397710965
40,250,2500,0.8,0.99,0.10092145976379437,0.801625,0.99002,0.0654096,0.01142510652941512,0.011280006858544927,0.212,0.015372908213707466,0.015159433219818308,0.953,0.014682140977509233,0.011329505662341505,0.877,0,114,0,886,-30.241974738273502,1.1700962149560086,1.709662338941156
40,250,2500,0.8,0.99,0.10830453384621769,0.8021,0.990004,0.0693004,0.011928197403029682,0.011561894805587291,0.182,0.01585939087597297,0.01556484415979563,0.959,0.01547567541353822,0.011438150805468051,0.857,0,92,0,908,-30.4750472319736,0.34415626244360337,0.5690087765559487
40,250,2500,0.8,0.99,0.11995767669210997,0.80145,0.989916,0.0757948,0.012340089038154492,0.012083208797951953,0.171,0.0166063598307188,0.01631808885551353,0.94,0.015815520882345675,0.011667964207508822,0.855,0,120,0,880,-30.370321051223375,-0.4255172955527128,0.038975091584180284
40,250,2500,0.8,0.99,0.1299855839797041,0.79915,0.989856,0.081994,0.0124145012274874,0.012652230748636677,0.17,0.017102618914397873,0.017161274429486558,0.954,0.016490905439547468,0.011913655701763401,0.86,0,114,0,886,-29.512744762603912,0.4835390396516148,0.9410814206358246
40,250,2500,0.8,0.99,0.14011042979399077,0.797525,0.990028,0.0878516,0.013597736525570244,0.013152322074606287,0.177,0.018690230618429237,0.01796021007430406,0.944,0.018108374115882942,0.012045921504581334,0.814,0,124,0,876,-28.946166233329386,1.1403358491587006,1.2400022887449653
40,250,2500,0.8,0.99,0.15025204503364473,0.8035,0.99002,0.0935704,0.01379953051106823,0.013400625824652176,0.136,0.018894554518130425,0.018208296901919573,0.942,0.018187557769383737,0.012078712152913175,0.818,0,122,0,878,-29.466358662988164,-0.1797759782696375,-0.04425121647985988
40,250,2500,0.8,0.99,0.16032946675383158,0.800675,0.990068,0.1000328,0.014324579211349095,0.01402431483874258,0.143,0.02026092148582932,0.019235252395136234,0.939,0.019291985379074495,0.012277963397917719,0.791,0,107,0,893,-28.493935300399396,1.085031925659419,1.0488921845265005
40,250,2500,0.8,0.99,0.17026230863197309,0.7994,0.9901,0.1059656,0.014301399317415165,0.014549108494765421,0.143,0.01981158195820211,0.01984124264995414,0.955,0.0194265354831117,0.012400968679391292,0.784,0,105,0,895,-28.12186859892591,0.4896406039278821,0.667851579434157
40,250,2500,0.8,0.99,0.1806330198259395,0.8019,0.989792,0.1120344,0.015518120079530445,0.015012393610513259,0.139,0.021101924941154163,0.02047965859708386,0.936,0.020304992698117332,0.01254183667024548,0.776,0,98,0,902,-28.36932177190826,-0.03493316492520183,0.04461973501599797
40,250,2500,0.8,0.99,0.1900678398849502,0.801,0.989732,0.1182324,0.015717219668950216,0.015585058855444084,0.137,0.021343110232299272,0.021279681207474716,0.946,0.020847800879780984,0.012682375924073492,0.786,0,97,0,903,-27.722185486947453,0.6063619207487438,0.46362985534372664
40,250,2500,0.8,0.99,0.1998390882015514,0.801275,0.990132,0.1242184,0.01651869635676049,0.016054231419382434,0.138,0.023308640275064334,0.021854682455463046,0.941,0.022190260423065444,0.012701150093399146,0.762,0,87,0,913,-27.24023921942919,0.42529033335727406,0.5704051981811876
40,250,2500,0.99,0.8,0.009912299793487728,0.989825,0.8014640000000001,0.204898,0.02065562563167731,0.03335142624911504,0.969,0.022102403429925026,0.03425008686487087,0.961,0.022105008597908864,0.03348339281388752,0.958,0,103,0,897,69.04787051019429,89.46345428696145,92.36225450996541
40,250,2500,0.99,0.8,0.020076306911179623,0.989825,0.800752,0.2107104,0.023156168621188456,0.03326831090680401,0.974,0.026036821113130604,0.034201342636496504,0.954,0.025938984840860095,0.03331618747620922,0.951,0,101,0,899,5.839529645540938,30.365554386053244,35.41955263572696
40,250,2500,0.99,0.8,0.029563346468374517,0.98965,0.799608,0.2159388,0.024633602084901982,0.03325755337100135,0.983,0.02772096043446347,0.03408461668290963,0.962,0.027677680939016933,0.0332438154257655,0.959,0,117,0,883,-15.260332683069993,11.228645634852983,14.148664970812323
40,250,2500,0.99,0.8,0.03918241873065851,0.990025,0.799268,0.2209856,0.02660576231919641,0.03312196485110752,0.982,0.029787628436517995,0.03399664825640287,0.958,0.029787693485809088,0.03304127567111097,0.947,0,105,0,895,-24.41490441497022,1.6181992631648334,6.229032142120931
40,250,2500,0.99,0.8,0.04999999597153313,0.9904499999999999,0.8005960000000001,0.2270876,0.02805084472064048,0.03272032151587167,0.987,0.03156850361537801,0.033533882210810904,0.956,0.031021239537784313,0.032565876841425694,0.946,0,94,0,906,-26.209246533987923,2.826094760841683,7.118598914525579
40,250,2500,0.99,0.8,0.06130798519473956,0.990025,0.800096,0.232742,0.02879515724047653,0.03262984765093006,0.99,0.03181530476211263,0.03336105555405127,0.964,0.03174150070146066,0.032397389074854156,0.953,0,113,0,887,-30.28263792989479,-0.38913542715699107,2.751756079393612
40,250,2500,0.99,0.8,0.07004357654639723,0.9897,0.800844,0.2374,0.029417472964296715,0.03238972092378699,0.992,0.031579793764210905,0.03310182488913479,0.961,0.031451304003457053,0.032084985057130026,0.952,0,96,0,904,-30.335010747271102,0.48414476381227756,3.676107440643976
40,250,2500,0.99,0.8,0.07985389946003679,0.98995,0.800408,0.2437812,0.030215916696603787,0.03222859567494977,0.928,0.03202548839938906,0.03285147079789846,0.959,0.03112984149024827,0.03184513226923083,0.945,0,113,0,887,-30.314834318778825,1.3761877743921467,4.4532597670599765
40,250,2500,0.99,0.8,0.09005769599673488,0.988525,0.799644,0.2491948,0.031112275187992235,0.03221884919866588,0.895,0.03225113747011532,0.03282720660616771,0.954,0.03198379701534693,0.03174648714153073,0.938,0,123,0,877,-31.67524827407543,0.03130582030694283,2.506932388435032
40,250,2500,0.99,0.8,0.10092145976379437,0.989725,0.799392,0.2555208,0.031029548909295487,0.03199357657715908,0.871,0.032761172381432245,0.03262332367479439,0.958,0.03179454788074949,0.03144211912193206,0.94,0,109,0,891,-31.614285050360888,-0.628150031885529,2.189690240547138
40,250,2500,0.99,0.8,0.10830453384621769,0.990625,0.8015720000000001,0.2594236,0.03109999137134648,0.031552611660293224,0.869,0.03204685325950717,0.03213770137439098,0.947,0.031297441753651734,0.0309667690159997,0.933,0,133,0,867,-29.651242762035046,0.8166246442188319,3.4517779012051673
40,250,2500,0.99,0.8,0.11995767669210997,0.989375,0.8001520000000001,0.2658416,0.031143746906868202,0.03158246299568355,0.834,0.032078127435700224,0.03211793929650293,0.943,0.031311680413891874,0.030899540724583313,0.941,0,111,0,889,-31.044209118776518,-1.3041796693678613,1.607066438144186
40,250,2500,0.99,0.8,0.1299855839797041,0.9899749999999999,0.80054,0.2713152,0.031419858721459304,0.03133679475907674,0.797,0.03296428059349083,0.03183391232391149,0.938,0.03166861554731519,0.030571636132551056,0.935,0,97,0,903,-30.77369247543628,-0.8242682599189209,1.6642625110323601
40,250,2500,0.99,0.8,0.14011042979399077,0.990375,0.800268,0.2780788,0.03164873665520198,0.031143851769909466,0.764,0.031841983105508724,0.031540848190480746,0.944,0.031478684565141676,0.030300871179966018,0.932,0,101,0,899,-29.897141049738774,-0.01030102508897898,1.8990005337076978
40,250,2500,0.99,0.8,0.15025204503364473,0.989775,0.800656,0.2838968,0.03105178763704085,0.03093902891835489,0.758,0.031902459984596294,0.03141425275924128,0.95,0.031031919789292865,0.030000226659935153,0.934,0,106,0,894,-29.370932213223856,-0.6001509430418409,2.075590733433664
40,250,2500,0.99,0.8,0.16032946675383158,0.990575,0.800044,0.2896856,0.031251744213514676,0.030794339284554,0.695,0.03128931036891171,0.031133463871904334,0.951,0.03055195025510036,0.029770155962308968,0.945,0,112,0,888,-29.736767802653688,-0.5026082558358943,1.4186947361839666
40,250,2500,0.99,0.8,0.17026230863197309,0.98905,0.7989040000000001,0.2958124,0.03130339070748301,0.030813584698624816,0.656,0.03198534842442373,0.0311748494894797,0.947,0.03139645855893849,0.029690977037707744,0.935,0,97,0,903,-29.918902982898164,-1.0734747721470637,0.7892914079310379
40,250,2500,0.99,0.8,0.1806330198259395,0.990475,0.798976,0.301586,0.03063260618559952,0.03055319286173326,0.602,0.031181389275773873,0.030802807319358198,0.948,0.030411260660491643,0.02936488198924211,0.942,0,104,0,896,-29.947808508346878,-1.1972624939510568,0.1395281007216918
40,250,2500,0.99,0.8,0.1900678398849502,0.990275,0.7980360000000001,0.308082,0.030514133065314707,0.030470145144949435,0.574,0.031137627551646143,0.030692322109580884,0.955,0.030321496847600538,0.02917075183074819,0.937,0,92,0,908,-29.592362730342423,-1.0920869679281753,0.3669904766338297
40,250,2500,0.99,0.8,0.1998390882015514,0.98995,0.800328,0.3145252,0.03159892193897433,0.03003140071538866,0.564,0.03175604101659545,0.030297790983989215,0.933,0.030706993518761855,0.028680819854612245,0.916,0,103,0,897,-27.72184792943948,-0.42921183911676514,1.4096891136429197
40,250,2500,0.99,0.95,0.009912299793487728,0.990575,0.9508,0.056088,0.010546972136377071,0.015166852815279044,0.964,0.012039263976441951,0.015778980455192763,0.946,0.012094800161818575,0.01535055058512502,0.94,0,95,0,905,5.553062434756352,32.733869692707195,36.374012275263915
40,250,2500,0.99,0.95,0.020076306911179623,0.99005,0.950264,0.0627244,0.012501163872441084,0.015257213112039385,0.977,0.014271484055128666,0.01598414884045218,0.949,0.014233036069679919,0.01551116577761789,0.938,0,102,0,898,-23.552829395306752,4.046347596602913,8.65795019337501
40,250,2500,0.99,0.95,0.029563346468374517,0.988875,0.950004,0.0685696,0.013678207681371346,0.01531302524902776,0.986,0.015526823494812768,0.016189284189394415,0.962,0.015405214060186382,0.015629243192006866,0.944,0,110,0,890,-31.221416768936454,-2.0511106438376454,3.3506628968845757
40,250,2500,0.99,0.95,0.03918241873065851,0.9904499999999999,0.9499,0.0746768,0.015017196902622439,0.015289978588409905,0.919,0.01651728609180743,0.01625048630841128,0.951,0.016414448496527352,0.015654872051889417,0.935,0,102,0,898,-32.736964914205245,-1.7453774819751717,1.4923380542540003
40,250,2500,0.99,0.95,0.04999999597153313,0.990575,0.949892,0.0819744,0.014920816108891233,0.01528727568573059,0.877,0.01602752239472679,0.016348971692638645,0.953,0.01568718444722957,0.015695715922812256,0.941,0,103,0,897,-32.44306771375313,-0.007303790504473436,2.8436323058567816
40,250,2500,0.99,0.95,0.06130798519473956,0.990225,0.9493999999999999,0.0893312,0.015997819875740258,0.015352281561039497,0.809,0.01747253104659494,0.01654896585605378,0.935,0.016951088074828237,0.01579908571030664,0.925,0,87,0,913,-33.005907752748186,-1.4523627456692763,1.5585339028507688
40,250,2500,0.99,0.95,0.07004357654639723,0.9916,0.949444,0.0952748,0.015188167553561694,0.01532311168560314,0.752,0.01659875125585129,0.016630883446996057,0.943,0.01610064519871245,0.015790335657289097,0.929,0,116,0,884,-32.422107749047804,-0.6320575824789405,1.646198351571388
40,250,2500,0.99,0.95,0.07985389946003679,0.989475,0.949656,0.1013992,0.015295085937995648,0.015321817820788734,0.669,0.01713450052666139,0.016686446990387092,0.95,0.01641454069975356,0.015807154205262703,0.926,0,108,0,892,-32.155320083052565,-1.3125743016836269,1.5053763722428395
40,250,2500,0.99,0.95,0.09005769599673488,0.989225,0.949344,0.1083412,0.015244906477454532,0.015369289063026296,0.547,0.016799828074527356,0.016781688658189225,0.946,0.01638596798317564,0.015858779335772222,0.933,0,86,0,914,-31.935587300670292,-0.34833944164077163,1.3774645606982876
40,250,2500,0.99,0.95,0.10092145976379437,0.9897,0.9499679999999999,0.1156216,0.015245362193427233,0.015257718927441185,0.456,0.017400773850394485,0.016790019426652134,0.947,0.016688729763967295,0.015756703112059758,0.925,0,94,0,906,-31.0186483333123,-0.6222233200272974,1.2644638950842257
40,250,2500,0.99,0.95,0.10830453384621769,0.98985,0.949952,0.1203472,0.01484757703377093,0.015255609793149525,0.385,0.016559427483687068,0.01682792611318833,0.946,0.016122076288535018,0.01575309472521642,0.934,0,93,0,907,-31.079158869112955,-0.39672898720301086,1.1686409709286436
40,250,2500,0.99,0.95,0.11995767669210997,0.99095,0.950284,0.1284072,0.015290293372557766,0.015180189871484492,0.288,0.016879345231853367,0.01679399694960598,0.944,0.016266044556415265,0.015684458360952887,0.93,0,106,0,894,-30.449483231692927,-0.2894664337236581,1.2081044697834629
40,250,2500,0.99,0.95,0.1299855839797041,0.989475,0.9495,0.1356208,0.01566916867968847,0.015318635953979236,0.241,0.016830733913044234,0.016986081511988556,0.949,0.016488093435328647,0.01577636332089718,0.926,0,95,0,905,-30.396683696228184,-0.4546111428037044,1.066218545959004
40,250,2500,0.99,0.95,0.14011042979399077,0.9909,0.950108,0.1427072,0.0151075473179845,0.015193639269456483,0.167,0.01735445291193952,0.016921537991834056,0.948,0.016393273892287855,0.015657235855023006,0.931,0,97,0,903,-29.716242323506908,-0.30474902607429766,0.9720289655535651
40,250,2500,0.99,0.95,0.15025204503364473,0.99025,0.948788,0.1494248,0.015230246736624483,0.015383047713052886,0.097,0.017299960913056585,0.017096170879926164,0.956,0.016355472297937722,0.015797906581546527,0.938,0,113,0,887,-30.494174744716698,-1.1243066513776019,-0.1494432415588688
40,250,2500,0.99,0.95,0.16032946675383158,0.98985,0.949808,0.1569716,0.014903178187989145,0.015250150863492806,0.065,0.01701252258117455,0.017042270827900868,0.95,0.016032732940746825,0.01564448008420067,0.939,0,111,0,889,-29.22283274196866,-0.3186404411492453,0.7973415847844286
40,250,2500,0.99,0.95,0.17026230863197309,0.990225,0.949712,0.1639596,0.01556676595468739,0.0152526740582828,0.059,0.017443524830229658,0.017069192417390876,0.947,0.01695752884368333,0.015614190197370951,0.934,0,117,0,883,-29.05905059137202,-0.6222767854828289,0.5847778313903462
40,250,2500,0.99,0.95,0.1806330198259395,0.991,0.9501799999999999,0.1718376,0.015262131224361868,0.015158347167064642,0.042,0.01727546164907251,0.017021868804293832,0.948,0.016348556256699037,0.015498301279205302,0.923,0,94,0,906,-28.319026838027654,0.046886583000502864,0.9585565215273198
40,250,2500,0.99,0.95,0.1900678398849502,0.990575,0.949916,0.1785924,0.01527879342866094,0.015205349617298584,0.029,0.01717410363960011,0.01709431429672991,0.95,0.016441337337869538,0.015487131399725441,0.935,0,99,0,901,-28.18758624872136,-0.22882736935123904,0.6281770634913527
40,250,2500,0.99,0.95,0.1998390882015514,0.99125,0.949944,0.1854492,0.015575761618089287,0.015175539463195447,0.025,0.0175581157109667,0.01703065245208624,0.948,0.01674305322897277,0.015432792692932984,0.915,0,121,0,879,-28.088839451472175,-0.206146767607809,0.5040302009643802
40,250,2500,0.99,0.99,0.009912299793487728,0.99015,0.9904,0.0163864,0.005580322197866631,0.006510754221097815,0.934,0.006748796417846429,0.007165088933743198,0.916,0.006615487227192537,0.0068884441688991695,0.892,0,111,0,889,-23.84882086820414,7.619722610930688,9.770909292044196
40,250,2500,0.99,0.99,0.020076306911179623,0.99025,0.9898399999999999,0.0234104,0.0070992992947665505,0.0068518098997453385,0.94,0.008634834886537806,0.007948803334751238,0.926,0.00822652163079606,0.007481661040300673,0.892,0,106,0,894,-32.243406490837955,1.4919988278220317,3.3821163819685434
40,250,2500,0.99,0.99,0.029563346468374517,0.989875,0.99004,0.0293988,0.007226517262870084,0.0069604920913844395,0.8,0.008754789506590593,0.008289794592920324,0.935,0.008346027926083613,0.007764099161258058,0.913,0,110,0,890,-32.95660457272328,-0.45125877869051867,1.7062005637964606
40,250,2500,0.99,0.99,0.03918241873065851,0.989375,0.98992,0.0357548,0.007167992734147636,0.007191218284461481,0.611,0.008531049804641809,0.00874239883149245,0.963,0.008318812914019452,0.00812154146968472,0.94,0,95,0,905,-33.17144580378158,-1.6854487767923965,0.30732273140178945
40,250,2500,0.99,0.99,0.04999999597153313,0.990375,0.989868,0.043162,0.0073513617633444986,0.0073638279625727835,0.369,0.009416078918334686,0.009194587495870108,0.949,0.008658852352877241,0.008442387186734625,0.942,0,123,0,877,-32.66541099715959,-0.7477120764748911,0.6894025094317067
40,250,2500,0.99,0.99,0.06130798519473956,0.98995,0.989972,0.050922,0.007822407584833189,0.007505936635474165,0.21,0.009911219634629846,0.009618597202117073,0.943,0.009352298183529485,0.00873509901049424,0.919,0,125,0,875,-31.976914617637448,0.21764927552468308,1.4209343028856096
40,250,2500,0.99,0.99,0.07004357654639723,0.989675,0.989844,0.0568616,0.007693822169032321,0.007684701720191271,0.112,0.010032844670178944,0.00990480883930729,0.944,0.009405802832345277,0.008961930708912571,0.936,0,104,0,896,-31.964489818518622,0.11457200897789471,0.66636490066634535
40,250,2500,0.99,0.99,0.07985389946003679,0.98975,0.989744,0.063602,0.00781557171191742,0.007853628298486261,0.051,0.010298963860258222,0.01024071951649151,0.95,0.009588286318523018,0.009198504405036797,0.934,0,83,0,917,-31.825485316232037,-0.23798832244158566,0.517631130259159
40,250,2500,0.99,0.99,0.09005769599673488,0.98935,0.990016,0.0707556,0.007818425167651787,0.00794646210329409,0.026,0.010300018324841181,0.010492793784093169,0.95,0.009674297757602876,0.009343771213848976,0.938,0,114,0,886,-31.126729556254023,0.07544471535649563,0.7157039124592779
40,250,2500,0.99,0.99,0.10092145976379437,0.99,0.989852,0.0786968,0.008218947944605417,0.008131093720882589,0.013,0.010737924642946069,0.01079909893641317,0.95,0.01017623838835118,0.009570481884469243,0.938,0,101,0,899,-30.69867378406377,0.4356845175253744,0.9375550536971275
40,250,2500,0.99,0.99,0.10830453384621769,0.990675,0.9900599999999999,0.0837552,0.008535157530127645,0.008177456393700731,0.011,0.01150924815896636,0.01086616876846741,0.944,0.010691989605936309,0.00963457227696277,0.924,0,114,0,886,-30.52408902493614,-0.10311276457957497,0.46837755060893277
40,250,2500,0.99,0.99,0.11995767669210997,0.9901,0.99054,0.0918244,0.008002799931019116,0.00824212380881378,0.004,0.011356403691064512,0.011092830082849761,0.945,0.010353983617495054,0.009734433029403463,0.939,0,99,0,901,-29.996320506335824,0.3007994414472454,0.5668055422651184
40,250,2500,0.99,0.99,0.1299855839797041,0.990375,0.989996,0.0993204,0.008599215823221623,0.008497575526937714,0.002,0.011648415005312577,0.011414692329040283,0.949,0.010896535765732216,0.009968064995376233,0.934,0,122,0,878,-29.92014926634316,0.11398964099573194,0.2635675207551396
40,250,2500,0.99,0.99,0.14011042979399077,0.990075,0.98998,0.1068364,0.008960246582140171,0.008645983732083903,0.001,0.012031923182648736,0.011619909719771717,0.938,0.011129566124680745,0.010114159310170399,0.924,0,105,0,895,-29.499748134880463,-0.03762196123719835,0.522834766178115
40,250,2500,0.99,0.99,0.15025204503364473,0.99025,0.989824,0.114114,0.008800481729469508,0.008804211948205744,0,0.012134918572607376,0.011830154017578115,0.949,0.01120801954650024,0.010248006627227073,0.933,0,108,0,892,-29.419556031842593,-0.19569850370430808,0.09317849104228136
40,250,2500,0.99,0.99,0.16032946675383158,0.98965,0.989736,0.1219612,0.00892147719546576,0.00897388141720018,0,0.011983216390983598,0.012065182540501656,0.955,0.011338755097808703,0.010379027703044004,0.923,0,98,0,902,-28.868447557815347,0.47206289465761686,0.5555983834470472
40,250,2500,0.99,0.99,0.17026230863197309,0.989025,0.989908,0.1284712,0.009268795377191523,0.009072658926862742,0,0.012837853272323129,0.012171590710056562,0.936,0.011913115380237576,0.010438562605174359,0.912,0,105,0,895,-28.978213854336136,-0.42358563118962544,-0.1325871946660651
40,250,2500,0.99,0.99,0.1806330198259395,0.99015,0.989784,0.1365,0.009211249958635854,0.009187361624511005,0.002,0.012637269663521397,0.012337058208950891,0.942,0.011678989704921898,0.010541534272057599,0.926,0,103,0,897,-28.666155648058606,-0.16163815281806376,-0.11288592245736388
40,250,2500,0.99,0.99,0.1900678398849502,0.99025,0.990096,0.1439012,0.009474078635596907,0.009258899360616706,0,0.013618151014352348,0.01244347379048061,0.921,0.012356216270131198,0.010574724997814162,0.908,0,121,0,879,-28.087312691470487,-0.28547046145227445,0.13584207150084818
40,250,2500,0.99,0.99,0.1998390882015514,0.990275,0.990048,0.1512556,0.00960619910314738,0.009381835975303994,0,0.012474887722499804,0.012574544984938442,0.952,0.01176939525895721,0.010642422046428767,0.92,0,102,0,898,-27.875408727599968,-0.11444761389305377,-0.0036533028351712717
250,250,2500,0.8,0.8,0.009912299793487728,0.798896,0.8003600000000001,0.2043612,0.026635737737045435,0.04436560464380394,0.966,0.028627419574706457,0.04552724438351807,0.956,0.028453480751067364,0.044485059311451046,0.954,0,119,0,881,115.05419851313918,136.76779515999635,140.40271964944202
250,250,2500,0.8,0.8,0.020076306911179623,0.797936,0.8001400000000001,0.20756,0.02826059792674863,0.04429302534278413,0.976,0.030383696153589823,0.045412770091887746,0.964,0.030904806473078614,0.04431242714644632,0.965,0,101,0,899,18.344507560307022,38.81896055683633,44.322582717688306
250,250,2500,0.8,0.8,0.029563346468374517,0.800992,0.798944,0.2119192,0.029871598241149933,0.044058219174514676,0.975,0.0332903252184563,0.045144313653946284,0.959,0.03322558261814018,0.04397136067399526,0.956,0,104,0,896,-7.370878652945347,17.931619797059557,19.6428964812358
250,250,2500,0.8,0.8,0.03918241873065851,0.799632,0.799224,0.2163648,0.03290658072424241,0.04383547927785137,0.973,0.03724788926881689,0.04489713018512788,0.945,0.03725191089270597,0.04363498678615274,0.942,0,116,0,884,-15.195540585868192,10.326560499509013,14.110099695598407
250,250,2500,0.8,0.8,0.04999999597153313,0.80054,0.7994800000000001,0.2203584,0.03508579153257021,0.043507402828737114,0.978,0.03971466237670648,0.044354089438124036,0.947,0.03944750781323549,0.04319546162565048,0.943,0,106,0,894,-23.866617652734043,4.762329016904959,6.96812266749157
250,250,2500,0.8,0.8,0.06130798519473956,0.799888,0.799504,0.2247148,0.035200421138464943,0.04328855549966892,0.985,0.039674912909072754,0.04417724406678815,0.961,0.03917388359045832,0.04286189617501442,0.954,0,97,0,903,-28.54727926145823,-0.3620995585077265,2.894613662829756
250,250,2500,0.8,0.8,0.07004357654639723,0.799,0.7999160000000001,0.228556,0.03609369813507224,0.043043900205166824,0.988,0.04046771814219359,0.04409586277765981,0.958,0.04008878368632533,0.04251372237706635,0.948,0,115,0,885,-28.61351341447471,-1.4055926266920011,3.9645122042672236
250,250,2500,0.8,0.8,0.07985389946003679,0.799372,0.800104,0.2329148,0.036582297602969126,0.04274623979046707,0.995,0.041037233623968404,0.043636730923847816,0.966,0.04014474034944787,0.04210848486214394,0.959,0,101,0,899,-29.792696309449056,-1.2787112355156436,3.1349378587185277
250,250,2500,0.8,0.8,0.09005769599673488,0.801488,0.8006880000000001,0.23757,0.03826832936728879,0.04219122874426278,0.988,0.04098453444355723,0.04301315747061998,0.956,0.041069264351577824,0.04145046686922309,0.944,0,115,0,885,-29.155704472137117,0.14486632421375853,3.643529699379138
250,250,2500,0.8,0.8,0.10092145976379437,0.79944,0.8016,0.24191000000000001,0.03936595540070539,0.04192657488181478,0.967,0.0424525874603642,0.042707025415763766,0.959,0.042102752133086514,0.04106781855360865,0.946,0,89,0,911,-28.61886826057386,0.8781313299878951,4.081963387361905
250,250,2500,0.8,0.8,0.10830453384621769,0.799764,0.799272,0.2450552,0.03855956827984054,0.042196455394223495,0.934,0.04176369122303276,0.042956723077705546,0.963,0.040861058620958894,0.04125194660239633,0.951,0,113,0,887,-32.09636678885939,-2.5893155846542983,0.5123282288576719
250,250,2500,0.8,0.8,0.11995767669210997,0.800696,0.799892,0.2499352,0.04036134509605482,0.04175992806928877,0.898,0.04330653408898945,0.04243066909315785,0.948,0.04244156163693482,0.040685173525695735,0.934,0,102,0,898,-31.520058603652068,-0.3947753368378433,1.1859286187612763
250,250,2500,0.8,0.8,0.1299855839797041,0.798056,0.7999080000000001,0.2546736,0.04050211899688084,0.04167076133091126,0.892,0.041176023505449987,0.04230497550962012,0.947,0.04120680839104396,0.04044502454733172,0.935,0,110,0,890,-30.603949485263165,-0.12534145961270102,2.045339561118528
250,250,2500,0.8,0.8,0.14011042979399077,0.80148,0.8004,0.2585836,0.04050641625864898,0.04115163842313116,0.865,0.04142239111491533,0.04178680361940698,0.951,0.04116732330838577,0.039853856385792696,0.939,0,85,0,915,-30.872916559013255,-1.8462431181055892,0.7197964447759612
250,250,2500,0.8,0.8,0.15025204503364473,0.800452,0.798664,0.2638332,0.04221815339344327,0.041261724565000234,0.827,0.04387115610848382,0.041925230525997476,0.94,0.04279345196061225,0.03981437475834866,0.93,0,106,0,894,-31.413276418548328,-2.3710191353605183,0.2990249134912767
250,250,2500,0.8,0.8,0.16032946675383158,0.799912,0.80098,0.2681844,0.03932019534158119,0.04062075713180693,0.848,0.04071519556359593,0.04127471036254658,0.95,0.03970923078464113,0.039080298489487374,0.935,0,109,0,891,-28.869167855640118,-0.13696340012194685,2.0219219453234367
250,250,2500,0.8,0.8,0.17026230863197309,0.800996,0.8004,0.2729192,0.041525129106324436,0.04043890210649646,0.805,0.042691740909559996,0.04096502522565412,0.944,0.04181114453789511,0.03874868423246158,0.93,0,93,0,907,-29.148851211139473,0.5039315276579194,1.8313022828424208
250,250,2500,0.8,0.8,0.1806330198259395,0.801364,0.8020320000000001,0.27771,0.040816531907147804,0.039883882267086224,0.808,0.04188082891565264,0.040514754712762543,0.939,0.04040634276567286,0.03809926255954133,0.922,0,108,0,892,-27.548667632070085,0.6643600518448937,2.5423553195538253
250,250,2500,0.8,0.8,0.1900678398849502,0.7988000000000001,0.799564,0.282172,0.04016284087910139,0.040264849637463164,0.785,0.0412874079424227,0.04084186714343598,0.94,0.04001168675714181,0.03832456626231346,0.93,0,110,0,890,-28.78098593814853,-0.5104459867986595,1.214996754732216
250,250,2500,0.8,0.8,0.1998390882015514,0.798396,0.799676,0.2864196,0.042035555337129285,0.04009710743571203,0.747,0.04266245131648041,0.0407579130613668,0.944,0.041841408707043004,0.038033887182606335,0.917,0,105,0,895,-28.665797015095237,-1.3390905286447974,0.6988734909320181
250,250,2500,0.8,0.95,0.009912299793487728,0.7999080000000001,0.94994,0.0548,0.012390145498084426,0.019225196935549735,0.965,0.013650944072207153,0.01989092246232256,0.953,0.013822770079553454,0.019407505695765402,0.948,0,97,0,903,14.200115005495858,38.44214595900493,42.006218038385704
250,250,2500,0.8,0.95,0.020076306911179623,0.800148,0.9504039999999999,0.0600364,0.014734303554241426,0.01909060995137473,0.971,0.01694381984822362,0.019954918330549392,0.95,0.016846826083301073,0.019335632431989498,0.944,0,108,0,892,-18.38709768906675,6.585841843494713,12.396688555182129
250,250,2500,0.8,0.95,0.029563346468374517,0.800064,0.9502959999999999,0.0646788,0.016358654113930962,0.019095330606701467,0.987,0.01868851305430424,0.0200415454976185,0.965,0.018515235145330832,0.0193836973060585,0.949,0,115,0,885,-27.15487071709442,0.6748014462448816,4.904493103544231
250,250,2500,0.8,0.95,0.03918241873065851,0.80018,0.9505159999999999,0.0701448,0.01759775336846321,0.019031727886211873,0.988,0.020007874028362373,0.020120864363093093,0.949,0.019728227624239807,0.019370890142642885,0.936,0,101,0,899,-28.12633235398443,2.2863222272455475,6.235234387920059
250,250,2500,0.8,0.95,0.04999999597153313,0.800008,0.950908,0.0753856,0.01829066413889217,0.01893560572022399,0.943,0.020518733509792084,0.0201139907290408,0.945,0.020255129991779273,0.019310145295979953,0.933,0,112,0,888,-29.530025213684574,2.78898103624428,5.258755902515681
250,250,2500,0.8,0.95,0.06130798519473956,0.80188,0.9504159999999999,0.0811124,0.018616050644514052,0.018969124652846128,0.881,0.020639548961210976,0.02026554530235732,0.943,0.019971688856826604,0.01936798903870945,0.928,0,109,0,891,-31.775139259442053,-0.06578090301503048,2.7041180079419602
250,250,2500,0.8,0.95,0.07004357654639723,0.801476,0.94946,0.08591,0.019342586345143072,0.01915170997233926,0.819,0.02115164045521079,0.020525638640789132,0.938,0.02061438360434979,0.019557581190114453,0.925,0,105,0,895,-33.04872918004051,-1.1516576708776332,1.1070986528893207
250,250,2500,0.8,0.95,0.07985389946003679,0.800232,0.949448,0.0914684,0.019709787406052167,0.01916956892932201,0.795,0.021085723903831288,0.0206510340465313,0.942,0.02082409038523437,0.01957364816197235,0.917,0,85,0,915,-31.92240493484611,-0.13305296851029894,1.7945511574534099
250,250,2500,0.8,0.95,0.09005769599673488,0.800104,0.950712,0.0965264,0.018434017279111505,0.018926012669359286,0.761,0.02077740260470811,0.020587873852074827,0.937,0.01990970804180344,0.019340591661782952,0.927,0,104,0,896,-30.376514811722082,1.1870520932562565,2.797422602422208
250,250,2500,0.8,0.95,0.10092145976379437,0.8016800000000001,0.9499879999999999,0.1024796,0.019235124117345688,0.01901209643805484,0.664,0.02140608749621388,0.02073874898437266,0.948,0.020676145289596434,0.019404340516654607,0.932,0,108,0,892,-31.016328105144307,-0.5604932423831548,1.3046627927210352
250,250,2500,0.8,0.95,0.10830453384621769,0.79892,0.9502879999999999,0.106462,0.01935231529893275,0.019029998504287784,0.64,0.021565796704094014,0.020867726688877642,0.937,0.020892301340131238,0.019414737809620206,0.916,0,102,0,898,-30.3138614991732,0.3185365768034254,2.1941223876498417
250,250,2500,0.8,0.95,0.11995767669210997,0.800716,0.95,0.1129364,0.01908252753231215,0.019027261820380285,0.534,0.02086720849005206,0.02098627228977447,0.945,0.020312389194270416,0.019378173037500092,0.924,0,107,0,893,-30.271971049398296,0.4625980284486958,1.8087909823988038
250,250,2500,0.8,0.95,0.1299855839797041,0.799152,0.950116,0.1184812,0.0191426324615951,0.01905826673067451,0.479,0.02112231637867418,0.02104623513815036,0.948,0.020471070908975087,0.019366160405364156,0.923,0,106,0,894,-29.76070581955027,0.6410883525977242,1.7287457879833852
250,250,2500,0.8,0.95,0.14011042979399077,0.800208,0.949828,0.1234468,0.019313850232330256,0.019080651895831958,0.372,0.020963381089589117,0.02115970965573865,0.956,0.02067289424718734,0.019353835677720574,0.932,0,113,0,887,-30.400124556175136,-0.9147009240774512,0.22048904252816456
250,250,2500,0.8,0.95,0.15025204503364473,0.798744,0.949884,0.1296256,0.018417256484301814,0.019122827459573458,0.335,0.02086431303308046,0.021292723085050307,0.945,0.020146533442458314,0.019346089632669407,0.926,0,118,0,882,-29.402931430656494,0.6317755763650369,1.3021492393101444
250,250,2500,0.8,0.95,0.16032946675383158,0.8000160000000001,0.9496359999999999,0.1349392,0.01911601215708427,0.01913385683126342,0.259,0.02179078439855801,0.021385080057512888,0.951,0.020878128964075305,0.019303570384839912,0.919,0,107,0,893,-29.740843981279824,-1.0114666577419802,0.21406666099753333
250,250,2500,0.8,0.95,0.17026230863197309,0.800084,0.949612,0.140894,0.01872195860424874,0.01915126597525362,0.223,0.021984607515362565,0.02143853019189146,0.956,0.020680672957337137,0.019262257299453345,0.929,0,108,0,892,-29.17006902731374,-0.557005635956311,0.18747770132481925
250,250,2500,0.8,0.95,0.1806330198259395,0.798996,0.949924,0.1474428,0.01985076658461672,0.019156541233776418,0.207,0.022661521884125537,0.02153391207394549,0.942,0.021824994605379983,0.01917573117461538,0.909,0,114,0,886,-28.102765093260142,0.20554857353302752,1.0151350234981686
250,250,2500,0.8,0.95,0.1900678398849502,0.800752,0.94968,0.1523148,0.019127618012191372,0.019161407181782424,0.139,0.02221987219904373,0.021560324181143037,0.946,0.02095232487297119,0.019130816538802626,0.936,0,107,0,893,-28.56225673452225,-0.3394900478099166,0.22795880726330847
250,250,2500,0.8,0.95,0.1998390882015514,0.80082,0.950328,0.1579048,0.01889856674638738,0.01908038307195508,0.123,0.021346094590106335,0.02159129633729304,0.953,0.020498099681643546,0.018980750125826902,0.923,0,93,0,907,-27.948911466281185,-0.13866766374224726,0.3774639892639282
250,250,2500,0.8,0.99,0.009912299793487728,0.802528,0.989744,0.0151236,0.006408003216841348,0.008271963538611305,0.935,0.007717686607014676,0.00893695980433225,0.927,0.007593457024383595,0.008628871971839118,0.914,0,104,0,896,-24.592397587032362,1.4596657164959266,6.253727528072087
250,250,2500,0.8,0.99,0.020076306911179623,0.8000120000000001,0.9899519999999999,0.0206428,0.00806824664778397,0.008404526106521825,0.97,0.009474573890465333,0.00949053256781041,0.931,0.00925767430115261,0.009021172862941306,0.917,0,99,0,901,-31.8717186261483,0.34908243259980004,2.7310428469369534
250,250,2500,0.8,0.99,0.029563346468374517,0.799768,0.989924,0.0256444,0.008589743813084794,0.008587678494805311,0.898,0.010229419816052672,0.009975204461015604,0.941,0.009803150585177533,0.009394055705580997,0.916,0,104,0,896,-33.15406458462633,-1.127119821614831,1.2167567765079352
250,250,2500,0.8,0.99,0.03918241873065851,0.799436,0.989816,0.030856,0.008878769611874891,0.008793920445556774,0.776,0.010741661381524307,0.010515643830616619,0.943,0.010264774611070008,0.009777026255020738,0.918,0,101,0,899,-33.16712399976623,-0.28475943844426393,1.5256347513580464
250,250,2500,0.8,0.99,0.04999999597153313,0.799044,0.990044,0.0368236,0.008950919590503072,0.008937205115160506,0.593,0.011290448136312088,0.010927130010313797,0.941,0.01069938400977186,0.010040938668236299,0.92,0,96,0,904,-31.945650803714233,-0.1336440502499529,1.437353710535189
250,250,2500,0.8,0.99,0.06130798519473956,0.800624,0.99004,0.042954,0.008865501338603345,0.009116965250796364,0.409,0.011509551058291793,0.011461639097489436,0.95,0.010550073959704752,0.010356316221744608,0.938,0,107,0,893,-31.93786782867146,0.7202674158608239,1.4207437240406604
250,250,2500,0.8,0.99,0.07004357654639723,0.79922,0.98994,0.0479056,0.009235097457485625,0.009324609803953925,0.313,0.01195238345546802,0.011833084320095902,0.944,0.011209662598035198,0.010631675347406172,0.919,0,99,0,901,-31.547375203716825,0.14407222976094905,1.3703433371402916
250,250,2500,0.8,0.99,0.07985389946003679,0.80162,0.990356,0.053458,0.009399566905820672,0.00935114717758878,0.193,0.012061799536817032,0.012016873410706444,0.948,0.011511173940544949,0.010702352204942207,0.932,0,87,0,913,-30.707695387911215,0.3639818909630504,1.1783476666359687
250,250,2500,0.8,0.99,0.09005769599673488,0.798632,0.989568,0.05935,0.010072736418033097,0.009797566310630015,0.138,0.013089557190880122,0.012671118621945258,0.944,0.01223887166733564,0.011182815528348634,0.925,0,119,0,881,-31.085688504391168,-0.1730470942681742,0.6906317935724956
250,250,2500,0.8,0.99,0.10092145976379437,0.7994680000000001,0.989828,0.0650124,0.00993214277005165,0.009892892152790008,0.078,0.01323545053967655,0.012911859332206123,0.945,0.012305055376254452,0.011314310796141045,0.926,0,100,0,900,-31.127464937929194,-0.7772389562939843,0.31436051265479226
250,250,2500,0.8,0.99,0.10830453384621769,0.798812,0.989904,0.0694844,0.009930557202954488,0.010030768373628134,0.05,0.013572050633306666,0.013210001963873225,0.946,0.012463078593867343,0.011459705067867396,0.922,0,116,0,884,-30.467823318644943,0.10941394090701859,0.7070686272722202
250,250,2500,0.8,0.99,0.11995767669210997,0.800808,0.9897,0.0759112,0.010689883670007446,0.01025474962047347,0.039,0.014373141672375757,0.013622400114066686,0.934,0.013367717442108264,0.0116803808440325,0.914,0,93,0,907,-30.796310952955356,-0.5541982458376982,-0.35124001511672814
250,250,2500,0.8,0.99,0.1299855839797041,0.800336,0.990112,0.0816696,0.010353725363752547,0.010328046012549493,0.02,0.014023295266581344,0.013778417669207413,0.95,0.01288876343480776,0.01174824728851501,0.929,0,81,0,919,-30.114626383141772,-0.3721944108771233,-0.16386281855687068
250,250,2500,0.8,0.99,0.14011042979399077,0.800896,0.990088,0.08759839999999999,0.010703948750898955,0.010516115554121823,0.016,0.015005079372038328,0.01407461634736705,0.935,0.013661770113270359,0.011894000720713421,0.907,0,124,0,876,-29.864443888170992,-0.7253629683834459,-0.4247979953698886
250,250,2500,0.8,0.99,0.15025204503364473,0.801588,0.990036,0.0941388,0.010793120291317918,0.010727578843607206,0.008,0.014955941056930405,0.014418130400297713,0.951,0.013835659951038472,0.012050210372714898,0.915,0,116,0,884,-29.201295780188385,-0.14301110553246615,0.10529070210905726
250,250,2500,0.8,0.99,0.16032946675383158,0.80054,0.990124,0.0997644,0.01078773571329063,0.010907481376344544,0.003,0.01474202369863934,0.014664469922104935,0.949,0.013743529069310674,0.012191853347883792,0.904,0,100,0,900,-29.07181270111345,-0.38257591237703803,-0.21173604846545863
250,250,2500,0.8,0.99,0.17026230863197309,0.799728,0.99026,0.105622,0.011236107524161003,0.011076612756030207,0.005,0.01568464653667595,0.014992688258286922,0.943,0.014456768427401038,0.012312760011352035,0.909,0,96,0,904,-28.6727186184262,0.12538926415166568,0.19869162526010106
250,250,2500,0.8,0.99,0.1806330198259395,0.800508,0.989976,0.1120688,0.011152314746821932,0.011330401825733843,0.002,0.015641567633507585,0.015324235080796259,0.942,0.01457836163113917,0.012477745663891262,0.904,0,120,0,880,-28.485822279969224,0.1994439382833004,0.017470658908934084
250,250,2500,0.8,0.99,0.1900678398849502,0.800772,0.990108,0.1176428,0.011636647952971967,0.011470846517910338,0.006,0.016228219246131766,0.015505324238943272,0.942,0.015013671042112736,0.012539612789888492,0.904,0,93,0,907,-28.26346425729666,-0.38049172611665844,-0.2898088756457132
250,250,2500,0.8,0.99,0.1998390882015514,0.799968,0.9900559999999999,0.12414599999999999,0.011648296462273082,0.011702176889004578,0.002,0.01635096369305464,0.01580800604443312,0.95,0.015122563729591552,0.012662373971253504,0.904,0,105,0,895,-27.61520833008397,0.06065524006498788,-0.06352836739912077
250,250,2500,0.99,0.8,0.009912299793487728,0.9901,0.799756,0.2049528,0.019964643026819048,0.03355522476793228,0.973,0.021852452339220504,0.034446816230815865,0.97,0.021728615776080238,0.03368939634027339,0.962,0,115,0,885,58.50341308128072,86.46536134702926,84.22630004308989
250,250,2500,0.99,0.8,0.020076306911179623,0.989768,0.799308,0.2103016,0.021329665274950733,0.03345167512436899,0.987,0.023731389465519576,0.03423817230738962,0.97,0.023966689946873395,0.033510501754349,0.964,0,112,0,888,-2.73079767825635,23.579430504830768,25.192021292554855
250,250,2500,0.99,0.8,0.029563346468374517,0.990192,0.800404,0.2157016,0.02418268629227323,0.033110793041173314,0.985,0.027594041468756457,0.03392102441624294,0.964,0.02730997464690832,0.03311870349088794,0.959,0,107,0,893,-13.889288262879456,11.645880656644719,14.302683777848088
250,250,2500,0.99,0.8,0.03918241873065851,0.99004,0.8005720000000001,0.2209668,0.02641289182233322,0.03292662434803196,0.981,0.02958705387937364,0.03376381095210269,0.962,0.02982704635550444,0.0328614895851072,0.956,0,118,0,882,-21.66411640085414,5.404514387924229,9.553133917553344
250,250,2500,0.99,0.8,0.04999999597153313,0.990092,0.7995960000000001,0.2263108,0.027894551966630116,0.032875350426720226,0.983,0.03152859061443613,0.033706267660771734,0.958,0.03118945490469701,0.03273265003314632,0.946,0,105,0,895,-30.453626547446017,-2.8085981697394407,1.629096088396422
250,250,2500,0.99,0.8,0.06130798519473956,0.989912,0.79954,0.2329164,0.02943314329253549,0.032674933925818196,0.991,0.0321007604525908,0.03344937332070947,0.966,0.03190472613814564,0.03246152079190269,0.961,0,119,0,881,-31.26972644696308,-2.2059622694147443,1.8538628212399364
250,250,2500,0.99,0.8,0.07004357654639723,0.990084,0.7995920000000001,0.2381168,0.028997194265220246,0.03247562107539806,0.99,0.03145737400593338,0.033170101312825995,0.966,0.03067460378631316,0.032194759122672556,0.948,0,87,0,913,-31.562893756680687,-0.9335713269950457,2.398491880948679
250,250,2500,0.99,0.8,0.07985389946003679,0.990252,0.800048,0.2431828,0.02980247857541939,0.03224855759480863,0.927,0.03203177826451212,0.0329527947908207,0.962,0.03158838127069347,0.03189309833689064,0.946,0,123,0,877,-31.54007956569818,-1.627610873665672,2.5723087505433044
250,250,2500,0.99,0.8,0.09005769599673488,0.989896,0.799948,0.2491292,0.030977154815071198,0.0320827000180587,0.904,0.03234383551986251,0.032720648744717806,0.947,0.0321820692229108,0.031658522499579164,0.939,0,106,0,894,-31.500537706093407,-1.4063554391390531,2.2846815156084457
250,250,2500,0.99,0.8,0.10092145976379437,0.989916,0.8002360000000001,0.2554536,0.030527849283617615,0.03183407863297773,0.887,0.03170071143695057,0.032431691672663826,0.936,0.03136997728613356,0.03132192133296203,0.936,0,103,0,897,-30.721761020667294,-0.04723715100777984,3.1173914993903464
250,250,2500,0.99,0.8,0.10830453384621769,0.9899,0.801044,0.2593748,0.03161569572921108,0.0316071316588101,0.858,0.033397361654856975,0.03218540228782928,0.939,0.03233223429769882,0.031044958954700434,0.933,0,79,0,921,-30.12487151825135,0.3066858056407738,3.394631978240853
250,250,2500,0.99,0.8,0.11995767669210997,0.98988,0.799532,0.2661368,0.030884603864700818,0.03157282480501888,0.835,0.031476791567617596,0.03202720241891044,0.954,0.031030838633884957,0.03091512914409916,0.939,0,87,0,913,-31.37297264050167,-0.6118062717350009,1.8012921991093582
250,250,2500,0.99,0.8,0.1299855839797041,0.989528,0.8000240000000001,0.2719272,0.032135832837895804,0.03134029314374812,0.794,0.03309802590812651,0.031795529396818185,0.937,0.032216387605059474,0.030614412345723655,0.922,0,100,0,900,-30.555548782017173,-0.9421974451705706,1.8704488044853895
250,250,2500,0.99,0.8,0.14011042979399077,0.990036,0.800416,0.2777684,0.03147341588762924,0.03107878068846878,0.766,0.03223032336000032,0.03150894889895945,0.938,0.03178917633402546,0.030288291419936796,0.923,0,98,0,902,-30.082477193225845,-0.9263165006305321,1.8240367890074434
250,250,2500,0.99,0.8,0.15025204503364473,0.989984,0.799196,0.2842008,0.030817287413130858,0.03101322400055178,0.723,0.031623499938979935,0.03138963056002477,0.939,0.03089145658014556,0.030135310414942097,0.933,0,108,0,892,-30.270279013605375,-0.9540021205798901,1.3326722151003343
250,250,2500,0.99,0.8,0.16032946675383158,0.98998,0.79938,0.289636,0.03130252489091137,0.03081644758278499,0.707,0.031334040209451415,0.03113982364952532,0.955,0.03066559983595535,0.029866416047697998,0.934,0,104,0,896,-30.222873326377528,-0.9479508894786801,0.9152298207631061
250,250,2500,0.99,0.8,0.17026230863197309,0.989716,0.800104,0.2959892,0.03121186498991629,0.030528029953423817,0.673,0.03214361291688257,0.030764404076259973,0.939,0.03096915878029117,0.02952725607762046,0.928,0,121,0,879,-29.06716368926833,-0.26010054784331266,1.3936157153985909
250,250,2500,0.99,0.8,0.1806330198259395,0.990112,0.801736,0.3022488,0.029962830205723375,0.030108484995896804,0.641,0.030527345368976992,0.030409988187282033,0.939,0.029872267877187556,0.029039349296255273,0.934,0,97,0,903,-27.78096561966575,0.07788022828121255,2.3453615353322217
250,250,2500,0.99,0.8,0.1900678398849502,0.989972,0.7996960000000001,0.308518,0.031551545964907196,0.030158416159756344,0.591,0.03164316078772697,0.030309290947711242,0.937,0.030903312579361568,0.028991421572328372,0.928,0,97,0,903,-28.405654029703463,-0.3475941549469526,1.387385972051627
250,250,2500,0.99,0.8,0.1998390882015514,0.990204,0.7995920000000001,0.3141096,0.0323113769681291,0.029983271795144182,0.536,0.03332601403443909,0.030104066902637002,0.922,0.032104304587197534,0.028755535056649174,0.904,0,111,0,889,-28.459162692215155,-0.622533721966972,0.9556030736142805
250,250,2500,0.99,0.95,0.009912299793487728,0.990096,0.9505199999999999,0.0562256,0.010883151960663716,0.015211215837739312,0.958,0.012036946843857806,0.015827537592080405,0.947,0.01227812922059103,0.015390572500630471,0.934,0,96,0,904,4.594404538796652,24.792030344005884,30.7024428203943
250,250,2500,0.99,0.95,0.020076306911179623,0.98982,0.950492,0.0624208,0.01250672668055799,0.015214882334748549,0.971,0.014297317009392102,0.015915256950353826,0.946,0.014272280538404009,0.015476243000959816,0.932,0,97,0,903,-23.919299329881984,4.675048461273774,9.33722829397093
250,250,2500,0.99,0.95,0.029563346468374517,0.990004,0.949436,0.0685832,0.013474593782045872,0.015373796865109642,0.993,0.015507785305353405,0.016210317402915456,0.965,0.015359833886903236,0.01569525480054642,0.95,0,99,0,901,-32.38231633219212,-0.9470103460454123,2.3104992946669003
250,250,2500,0.99,0.95,0.03918241873065851,0.99008,0.9495119999999999,0.0746988,0.014922647491544934,0.015341855954026849,0.925,0.01653880193119579,0.016304950981248498,0.942,0.01630056310648784,0.015717181450448654,0.929,0,117,0,883,-33.75532684372338,-1.3286674424936604,1.6168420559511616
250,250,2500,0.99,0.95,0.04999999597153313,0.9901679999999999,0.950324,0.0819992,0.015334740821585893,0.015207294176917586,0.857,0.016879250461766925,0.01627924347969367,0.944,0.01654616164444772,0.01564030594895201,0.933,0,100,0,900,-31.38126449386535,0.6258447022071232,3.9608590305299813
250,250,2500,0.99,0.95,0.06130798519473956,0.990096,0.949908,0.0889624,0.014844633950248282,0.015264101886878989,0.81,0.016454791610815724,0.016466664783450588,0.955,0.015975941731883717,0.015731816042569794,0.945,0,85,0,915,-32.78244554952907,-1.3524940879515492,1.5597178744603573
250,250,2500,0.99,0.95,0.07004357654639723,0.989996,0.949768,0.094848,0.01460319088049372,0.015281319445515782,0.742,0.01606268248018886,0.01654875326808413,0.958,0.015477896538656846,0.015773906009280206,0.95,0,139,0,861,-32.46910623839028,-1.0256329609780352,1.6251486909389696
250,250,2500,0.99,0.95,0.07985389946003679,0.990116,0.949804,0.1016364,0.015154876781123212,0.015259394330387834,0.677,0.016357268636160646,0.01656477929588382,0.951,0.01590315624959193,0.01577563510954489,0.929,0,97,0,903,-31.695106034814348,0.023845911046131023,1.970144372933976
250,250,2500,0.99,0.95,0.09005769599673488,0.990008,0.949824,0.1082876,0.014502985414149858,0.015245012166463283,0.541,0.01584349652679763,0.016613627380555617,0.956,0.015412260867110115,0.015776648592529172,0.947,0,105,0,895,-31.539645783542667,-0.1092675485486697,1.6355399206938803
250,250,2500,0.99,0.95,0.10092145976379437,0.990324,0.9504279999999999,0.1156272,0.015253749364401008,0.015137268266790536,0.475,0.016902420124049022,0.016581581726406548,0.939,0.016243078064426996,0.015682425710946177,0.926,0,92,0,908,-30.614592842168506,-0.38866287150285816,1.773094843539876
250,250,2500,0.99,0.95,0.10830453384621769,0.990016,0.950588,0.1207332,0.01549556152144448,0.015106888035472058,0.392,0.017210751953004307,0.016660552693520327,0.938,0.016346613227133884,0.015672487936697836,0.926,0,97,0,903,-30.175896056615734,1.0544329269962196,2.332948451455593
250,250,2500,0.99,0.95,0.11995767669210997,0.989896,0.949796,0.1285352,0.01578601131879762,0.015201559306925327,0.285,0.01723983307163753,0.016791036999664777,0.939,0.016900327389574123,0.015745864421480568,0.918,0,130,0,870,-30.693654955558355,-0.6028593565750305,0.9736426843155775
250,250,2500,0.99,0.95,0.1299855839797041,0.989908,0.949804,0.135544,0.015553169365836648,0.015188797248719452,0.219,0.017449328075743405,0.01681771512427628,0.945,0.016617119932956986,0.015734466268697643,0.93,0,117,0,883,-30.275051385787513,-0.004839603403077367,1.1645973720526648
250,250,2500,0.99,0.95,0.14011042979399077,0.9902,0.9500839999999999,0.1425896,0.015096425867284881,0.015130235677050888,0.146,0.016633638218120094,0.016773671708848498,0.944,0.016055714915290776,0.015668718746178468,0.938,0,109,0,891,-29.791905380583792,0.005507659090788063,1.081957237852906
250,250,2500,0.99,0.95,0.15025204503364473,0.99022,0.9501839999999999,0.1495864,0.015618901282902154,0.015095680830775846,0.114,0.017178145994799807,0.016742400950484924,0.937,0.016509018404776414,0.015623447262832399,0.926,0,108,0,892,-29.52058792960302,-0.17180638010774543,1.005259805153529
250,250,2500,0.99,0.95,0.16032946675383158,0.990096,0.95068,0.1575176,0.015045144660042132,0.015013742421052693,0.087,0.016507613125915276,0.016729940868343375,0.947,0.016062892113811806,0.015526430866573415,0.922,0,103,0,897,-28.38037878221403,0.19475228211239534,1.3817738966816597
250,250,2500,0.99,0.95,0.17026230863197309,0.990288,0.9495399999999999,0.1642176,0.014821764026613542,0.015147676788814478,0.036,0.017234915891092616,0.01689698065766838,0.941,0.015926044264803173,0.015628647535850672,0.939,0,99,0,901,-29.01378914139777,-0.20379057855216212,0.719138982531934
250,250,2500,0.99,0.95,0.1806330198259395,0.9898,0.950244,0.1716992,0.015470378811716026,0.015045608558874662,0.034,0.016890029964187137,0.016785758755627184,0.946,0.016109189957906608,0.015510835201670946,0.936,0,112,0,888,-28.289853840963875,0.4612974757044235,1.1070221881410125
250,250,2500,0.99,0.95,0.1900678398849502,0.990352,0.950348,0.178642,0.015021659020500303,0.015004596336398236,0.022,0.01750338204943052,0.01674666417651904,0.944,0.016447268296725395,0.015446336650534775,0.931,0,103,0,897,-27.946139981734024,0.1206518186514854,0.7958744611003634
250,250,2500,0.99,0.95,0.1998390882015514,0.989764,0.950472,0.185986,0.014454150379521899,0.014976956740832706,0.011,0.016593851223755784,0.01675742404724872,0.947,0.0156097194442911,0.015380496410298341,0.935,0,102,0,898,-27.459109968396575,0.4295822998214269,1.1081642559295
250,250,2500,0.99,0.99,0.009912299793487728,0.990232,0.9900639999999999,0.0164764,0.005355321320699724,0.0066050113021973765,0.945,0.006534324756381847,0.007299274671408665,0.929,0.0063721155354363596,0.0069771968837044835,0.922,0,99,0,901,-25.562636365549594,4.442153389096744,7.427763687432715
250,250,2500,0.99,0.99,0.020076306911179623,0.989984,0.989684,0.0230984,0.00679337577054071,0.006891335578890642,0.952,0.008061472239255593,0.007920887588923104,0.941,0.0077931809267765524,0.00749064271023735,0.917,0,119,0,881,-34.10333154194171,-2.0216357486911143,-0.13701965238787595
250,250,2500,0.99,0.99,0.029563346468374517,0.9898,0.990072,0.029332,0.007095118328014454,0.006943552789155208,0.799,0.008854182047490406,0.008268601721614977,0.934,0.00840299678965348,0.007746491228637765,0.918,0,116,0,884,-32.976418771331204,-0.9617007743733488,1.2605990394161242
250,250,2500,0.99,0.99,0.03918241873065851,0.989944,0.98972,0.035694,0.0076564805672105635,0.007206088705141901,0.584,0.00930978727590259,0.008785786736478427,0.927,0.008821967705464612,0.008159169464426278,0.924,0,82,0,918,-33.880663542090076,-1.3590861004571015,0.11458508861866296
250,250,2500,0.99,0.99,0.04999999597153313,0.9902,0.9898359999999999,0.0430884,0.007231642504192901,0.007349259339797172,0.348,0.008989131309331294,0.009177834119224196,0.956,0.008575003374588901,0.008448105110049637,0.944,0,105,0,895,-32.88842142164993,-0.2892407371783868,0.35019235572995394
250,250,2500,0.99,0.99,0.06130798519473956,0.990364,0.989968,0.0509684,0.007459991760288936,0.007478495199412704,0.18,0.01006753297940833,0.009513576890931526,0.944,0.009212945852165881,0.008706626871666115,0.943,0,117,0,883,-31.94659187308537,0.07738490513291775,0.7447917875127874
250,250,2500,0.99,0.99,0.07004357654639723,0.989936,0.990196,0.0567716,0.007596701175357465,0.007556081322388439,0.093,0.009699466069074774,0.009730229310687599,0.946,0.009210052501877538,0.008879554276983182,0.941,0,109,0,891,-31.638755012861274,0.12981267254982243,0.8842797971119699
250,250,2500,0.99,0.99,0.07985389946003679,0.99008,0.990128,0.0635636,0.007793380745957159,0.0077060389610346496,0.049,0.010134261525582645,0.010072657850409082,0.962,0.009587332854139045,0.00911456129127802,0.93,0,89,0,911,-31.452069938883184,0.1246309871949756,0.9013279093663913
250,250,2500,0.99,0.99,0.09005769599673488,0.989924,0.990292,0.0709044,0.007990784225886415,0.007813621007434478,0.025,0.010826170359889751,0.010356775320173081,0.928,0.01009631149473914,0.009309032651978438,0.912,0,109,0,891,-30.716609899155657,0.8043078208592394,1.5162635779930183
250,250,2500,0.99,0.99,0.10092145976379437,0.990328,0.990184,0.0783056,0.008014650368157232,0.007978062189735556,0.007,0.010593911801253627,0.010584338800666294,0.949,0.009792962605470365,0.009493851844619892,0.948,0,121,0,879,-30.81984211259617,-0.20453456859781297,0.43231510453917765
250,250,2500,0.99,0.99,0.10830453384621769,0.989996,0.990124,0.0837044,0.008086688475344907,0.0080967984398138855,0.001,0.01114189120421055,0.010810326760848029,0.949,0.010246430738367444,0.009645920308296379,0.932,0,93,0,907,-30.482232620860483,-0.27838013430500946,0.638756308810946
250,250,2500,0.99,0.99,0.11995767669210997,0.9896,0.990388,0.0920516,0.008371276376000455,0.008184466265010605,0.004,0.011162435876770767,0.010977410814739104,0.943,0.010547068865869475,0.009770583321087947,0.919,0,111,0,889,-29.901168192527383,0.12469719982456566,0.6086567659490393
250,250,2500,0.99,0.99,0.1299855839797041,0.989804,0.990028,0.0994376,0.008460808290240861,0.008388090172595532,0.001,0.011620630889781547,0.011253958169475732,0.938,0.01077221952795758,0.009988957568140819,0.926,0,116,0,884,-29.77989912219951,0.305593565557601,0.6888167593229664
250,250,2500,0.99,0.99,0.14011042979399077,0.990084,0.99002,0.1068452,0.008797509986278092,0.008497960005690693,0,0.011735099673747581,0.011440781508783537,0.935,0.010909350186411282,0.010101130382717713,0.924,0,108,0,892,-29.48825265974527,0.18146187937013483,0.3995276435812602
250,250,2500,0.99,0.99,0.15025204503364473,0.98994,0.989988,0.1140776,0.008816158265499826,0.008628157884150894,0,0.011981032403092033,0.01159192182963911,0.945,0.011271342352016782,0.010227578568382049,0.928,0,100,0,900,-29.340035330360312,0.08363416029472344,0.2634883747834316
250,250,2500,0.99,0.99,0.16032946675383158,0.990448,0.989916,0.12164,0.008878496482623014,0.008745598662477051,0,0.012495638515263249,0.011778640640190121,0.934,0.011276152526627607,0.010344480889122985,0.924,0,94,0,906,-29.049141899178448,0.04473369475813898,0.37173384697356365
250,250,2500,0.99,0.99,0.17026230863197309,0.989568,0.990016,0.1291264,0.009008596930622783,0.00884819352523611,0,0.012554977823795218,0.01187047427000301,0.941,0.011609689774507274,0.010422486990188863,0.921,0,104,0,896,-28.58571885116969,0.20097991510714966,0.44675527217993305
250,250,2500,0.99,0.99,0.1806330198259395,0.990028,0.9895,0.1367004,0.009010235038922378,0.009046681513560863,0,0.01218615445886849,0.012063359591011793,0.955,0.01158608122158383,0.010573526467508886,0.925,0,126,0,874,-28.691713984537877,-0.19453016738610146,-0.1997103356957012
250,250,2500,0.99,0.99,0.1900678398849502,0.990116,0.990116,0.1440436,0.009049006307832614,0.009030254819384078,0,0.01227452062011951,0.012147706405032368,0.941,0.011461691513419572,0.01057046867032012,0.918,0,107,0,893,-28.0100700796015,0.1896758572569274,0.3036234737092625
250,250,2500,0.99,0.99,0.1998390882015514,0.99034,0.990156,0.1515616,0.00938308256415214,0.009123671192961445,0,0.012818908816640403,0.012223879664930399,0.94,0.011769022765587731,0.010627263152189753,0.922,0,109,0,891,-27.688575099755518,-0.05931442067077516,0.1952770180451973
