n_1,n_2,n_3,sigma_e,sigma_p,prev,hat_pi_RG,ESE_hat_pi_RG,ASE_hat_pi_RG,covers_pi_RG,hat_pi_SRG,ESE_hat_pi_SRG,ASE_hat_pi_SRG,covers_pi_SRG,num_infinite_pi_RG,num_infinite_pi_SRG,n_strata_obs_full
40,250,2500,0.8,0.8,0.005,276.37804730662026,0.025507449591846924,0.04538261566425695,0.952,295.45891508925797,0.02629891976700939,0.04652060009715219,0.951,0,0,1000
40,250,2500,0.8,0.8,0.01,98.7998707711262,0.026777633253056068,0.04539654554656478,0.954,119.1060535615037,0.028279014424821714,0.04648929477047122,0.952,0,0,1000
40,250,2500,0.8,0.8,0.015,58.09348155998696,0.02841446268800829,0.04489914865616434,0.952,82.42709608165879,0.03068813961168487,0.04597837838022662,0.948,0,0,1000
40,250,2500,0.8,0.8,0.02,33.78404591878943,0.02929216765583325,0.04459719420870151,0.957,56.031389166869225,0.031551528157023286,0.04565123852157452,0.958,0,0,1000
40,250,2500,0.8,0.8,0.025,9.670660782536379,0.03085517710718763,0.04463542795017787,0.95,31.902978848602714,0.03352717100857343,0.04565909666697049,0.95,0,0,1000
40,250,2500,0.8,0.8,0.030000000000000002,3.2140881088788795,0.03160889141805522,0.0441663811894393,0.969,28.262265107321717,0.03541608017990461,0.04521250221424943,0.95,0,0,1000
40,250,2500,0.8,0.8,0.034999999999999996,-14.395936458363915,0.03270514798499375,0.04492301893395478,0.954,8.384064201579521,0.036387348350036514,0.04592183192837707,0.95,0,0,1000
40,250,2500,0.8,0.8,0.04,-16.881096377731815,0.03230665513239681,0.044333709641560554,0.955,7.13076147684448,0.03623930992814944,0.045356757628634434,0.95,0,0,1000
40,250,2500,0.8,0.8,0.045,-18.547716573093048,0.03301891241803216,0.04417294557783382,0.961,6.178522055048267,0.03706584775816351,0.04517926582587866,0.956,0,0,1000
40,250,2500,0.8,0.8,0.049999999999999996,-20.551838752469994,0.034976430374181446,0.04438122239591978,0.949,3.982818790719878,0.03873769932258177,0.04541088178903727,0.96,0,0,1000
40,250,2500,0.8,0.8,0.055,-19.19099055749014,0.03551315609798348,0.04390209129186883,0.958,7.233359102144522,0.039566303082961746,0.04495148058391056,0.953,0,0,1000
40,250,2500,0.8,0.8,0.06,-24.665651122166057,0.038204311160813596,0.043896546827382865,0.95,0.5541110192090748,0.042897007418154914,0.044934277869645135,0.947,0,0,1000
40,250,2500,0.8,0.8,0.065,-23.510775795865598,0.036800469967769374,0.04369638831243202,0.958,4.11912780500025,0.04049614458406251,0.04474973698695885,0.959,0,0,1000
40,250,2500,0.8,0.8,0.07,-29.357931371742403,0.03697153756988959,0.04420416382463488,0.947,-1.1443719240219632,0.041293061325515,0.04525024278319642,0.959,0,0,1000
40,250,2500,0.8,0.8,0.07500000000000001,-27.398974327959074,0.03917652067250558,0.043911825220958545,0.941,1.1837939321069542,0.042778241483958264,0.0450009784365888,0.945,0,0,1000
40,250,2500,0.8,0.8,0.08,-28.574435018327335,0.039247090647688034,0.04357759226691258,0.94,-0.5129351120819643,0.04326475737204451,0.044685625294312886,0.959,0,0,1000
40,250,2500,0.8,0.8,0.085,-25.614713377945336,0.03907942232403733,0.04331758640068688,0.942,3.0287892604288276,0.04250632450770469,0.044476595203152725,0.95,0,0,1000
40,250,2500,0.8,0.8,0.09000000000000001,-28.387234465352556,0.040546636562184796,0.04327939705390217,0.941,0.722565852060631,0.043863040255860665,0.04444536054593832,0.954,0,0,1000
40,250,2500,0.8,0.8,0.095,-30.84659584774673,0.03938974086056522,0.04353263394976875,0.932,-1.179101307295912,0.04271728036654622,0.04471362018464358,0.962,0,0,1000
40,250,2500,0.8,0.8,0.1,-30.335772279860755,0.040658073217615234,0.04361207133677291,0.919,-1.2795977106435512,0.0444212160225833,0.044860677274998394,0.959,0,0,1000
40,250,2500,0.8,0.8,0.10500000000000001,-31.586051631202814,0.040551362884611974,0.04331973827803415,0.91,-1.6089693498526147,0.04344099102953263,0.04456843708249782,0.963,0,0,1000
40,250,2500,0.8,0.8,0.11,-29.76194138092467,0.04022983172931445,0.04336072562948528,0.921,0.4709987779996397,0.04307064202360449,0.04468127595580087,0.964,0,0,1000
40,250,2500,0.8,0.8,0.115,-28.908091756182195,0.04255301750092939,0.04326960652773626,0.884,1.0944748929922476,0.04571206218672852,0.04468168460548533,0.948,0,0,1000
40,250,2500,0.8,0.8,0.12000000000000001,-28.886872791159163,0.041023825892835965,0.04316724578416044,0.906,0.8050466876480139,0.04340739863858181,0.04460128753213207,0.962,0,0,1000
40,250,2500,0.8,0.8,0.125,-30.78493108090612,0.041601694715605986,0.043183095961543426,0.881,-0.05763364560074091,0.0444338290480824,0.04464497386198981,0.96,0,0,1000
40,250,2500,0.8,0.8,0.13,-28.889269231827843,0.042299062916260156,0.042894506571592377,0.867,1.3166682605314932,0.04483113798237624,0.044450396645693085,0.955,0,0,1000
40,250,2500,0.8,0.8,0.135,-28.942261955683296,0.04250961387595338,0.043108849281830994,0.867,1.767291684380176,0.04514029843241342,0.04476982155863569,0.961,0,0,1000
40,250,2500,0.8,0.8,0.14,-27.268629717867384,0.04337108118559539,0.042684352992329144,0.867,2.8016142538361026,0.04574679049834738,0.04443100276633127,0.951,0,0,1000
40,250,2500,0.8,0.8,0.14500000000000002,-30.041872611144246,0.04267197659929648,0.04310998928152741,0.846,0.18339526951095184,0.04470924723024852,0.04485543779383257,0.964,0,0,1000
40,250,2500,0.8,0.8,0.15,-29.845218646967005,0.0424421759909234,0.04305444069888672,0.836,0.7256819543502621,0.044698969276346506,0.04489398401153307,0.965,0,0,1000
40,250,2500,0.8,0.8,0.155,-30.419970561255795,0.04340619662804751,0.04277492178875319,0.811,-0.07710544128268806,0.04593376176056364,0.04465818103671535,0.954,0,0,1000
40,250,2500,0.8,0.8,0.16,-30.084920405427205,0.044456801410224824,0.043043966031215734,0.817,0.476937763569836,0.04611568702906432,0.04501404527779818,0.96,0,0,1000
40,250,2500,0.8,0.8,0.165,-29.958867950265773,0.04310855407995288,0.04304255678873662,0.793,0.9382629408200509,0.0455398574554541,0.04510900377749399,0.952,0,0,1000
40,250,2500,0.8,0.8,0.17,-29.21430320237019,0.04365912614969814,0.04267172741392644,0.801,0.7697111865525639,0.046173480452907444,0.04482281977336821,0.955,0,0,1000
40,250,2500,0.8,0.8,0.17500000000000002,-29.375457885506002,0.04299616901115562,0.04290696962076366,0.772,0.7837928235724695,0.044445683550523876,0.045127016125708234,0.957,0,0,1000
40,250,2500,0.8,0.8,0.18000000000000002,-29.13274373597154,0.04364404616700185,0.04308488875540779,0.791,1.259757122839313,0.044902094226594615,0.04541461407999232,0.956,0,0,1000
40,250,2500,0.8,0.8,0.185,-30.562377069044082,0.04320613899962123,0.04311841738000879,0.741,-0.5807461985186908,0.04610242848879499,0.045502671250750325,0.957,0,0,1000
40,250,2500,0.8,0.8,0.19,-29.047590517548628,0.04331392003935844,0.04301543971710965,0.752,1.6789274090540562,0.045809161384458626,0.045562617671924724,0.955,0,0,1000
40,250,2500,0.8,0.8,0.195,-30.045526805413033,0.041596410907913405,0.04326089485006295,0.728,0.5663982576103013,0.044603639224309356,0.04589642840297972,0.961,0,0,1000
40,250,2500,0.8,0.8,0.2,-29.4374512046751,0.043461486491264585,0.04332220382907609,0.719,1.0453466506451792,0.04653137447294997,0.04609305147659051,0.958,0,0,1000
40,250,2500,0.8,0.95,0.005,95.47174877503573,0.012092082272923006,0.01937230778625601,0.941,114.54754647051561,0.012734748886183131,0.0199336417738738,0.944,0,0,1000
40,250,2500,0.8,0.95,0.01,17.472004522160017,0.013214624529106404,0.01940367055211398,0.94,41.09400186366901,0.01462261327334948,0.020038055255741205,0.936,0,0,1000
40,250,2500,0.8,0.95,0.015,-6.354077487171853,0.013945652477770977,0.019422556912757443,0.966,18.53701963682455,0.015687050877549433,0.020119428569863162,0.948,0,0,1000
40,250,2500,0.8,0.95,0.02,-14.352382738123548,0.01500129992553458,0.019471499492788154,0.958,11.453285715803084,0.016846201024840992,0.0202438267755021,0.948,0,0,1000
40,250,2500,0.8,0.95,0.025,-22.1733008347261,0.015893817268824894,0.019404152293007102,0.955,3.3238821660820648,0.017749411578620665,0.020227177124039934,0.952,0,0,1000
40,250,2500,0.8,0.95,0.030000000000000002,-25.79585370395561,0.016589431586472612,0.019441816676679043,0.958,2.247796489561147,0.018709268658605782,0.020358434387019446,0.95,0,0,1000
40,250,2500,0.8,0.95,0.034999999999999996,-28.011929375675624,0.01735108971460313,0.019536444204729768,0.946,0.4023916811499757,0.019573716845722556,0.020531960457025173,0.948,0,0,1000
40,250,2500,0.8,0.95,0.04,-27.02231771738021,0.01816714343340657,0.01942150142276813,0.949,1.4992491037340954,0.020124070135052494,0.020498825477734378,0.949,0,0,1000
40,250,2500,0.8,0.95,0.045,-29.120282675306246,0.018988457539262246,0.019688222199596855,0.921,0.3495522657432421,0.020838475802404055,0.02085086380764157,0.95,0,0,1000
40,250,2500,0.8,0.95,0.049999999999999996,-30.521762771311888,0.01973244054547757,0.01979205723465745,0.904,-0.5429973308496011,0.021701966079620147,0.021044762687327,0.936,0,0,1000
40,250,2500,0.8,0.95,0.055,-32.31024411037934,0.018955876368506257,0.019677190309360798,0.905,-2.2658457174684115,0.021084901354811156,0.021003187854832548,0.944,0,0,1000
40,250,2500,0.8,0.95,0.06,-29.13245181820823,0.019337327971383152,0.019592868902532635,0.889,0.3033557387742992,0.021515181175432937,0.021027826303972836,0.94,0,0,1000
40,250,2500,0.8,0.95,0.065,-28.725450851673557,0.01882888676505102,0.019503830662903978,0.888,1.484482727758273,0.020688336354123347,0.02104471816309504,0.961,0,0,1000
40,250,2500,0.8,0.95,0.07,-30.27714854837119,0.020276015870275717,0.019695362950762543,0.835,-0.4830204603083595,0.02201340898354746,0.02131073487813442,0.951,0,0,1000
40,250,2500,0.8,0.95,0.07500000000000001,-30.000715742387854,0.02022970387423426,0.019784058607964658,0.818,0.5616895875634926,0.022494008537566952,0.021523037215001452,0.946,0,0,1000
40,250,2500,0.8,0.95,0.08,-29.577375315714406,0.019874566578333603,0.019976987093944375,0.801,1.3489735256920314,0.021635933692902388,0.02184985835632363,0.961,0,0,1000
40,250,2500,0.8,0.95,0.085,-30.44003732251111,0.020401455454645983,0.01997689381552301,0.77,0.08086298155818947,0.022450093767808193,0.021915704352364177,0.951,0,0,1000
40,250,2500,0.8,0.95,0.09000000000000001,-29.30282850940409,0.019794827631634784,0.01984607675687154,0.749,0.9962024295627634,0.02179378625819433,0.02190216861279542,0.948,0,0,1000
40,250,2500,0.8,0.95,0.095,-29.69017241661791,0.02035325231272247,0.02011090434666661,0.72,0.06041270634532817,0.02247499056721991,0.022235805807540674,0.959,0,0,1000
40,250,2500,0.8,0.95,0.1,-30.120751939686578,0.020413445586162853,0.019908611398462644,0.681,-0.4427328246084522,0.0226062647461486,0.02211401646673729,0.957,0,0,1000
40,250,2500,0.8,0.95,0.10500000000000001,-30.29756218812395,0.019858293300845233,0.020188468993582467,0.683,0.07127199571772758,0.021718429352945053,0.022545490642363154,0.958,0,0,1000
40,250,2500,0.8,0.95,0.11,-29.167501187972203,0.02070956178696781,0.02033072782329283,0.635,1.1496822255727124,0.02310808306098649,0.022836075521537474,0.957,0,0,1000
40,250,2500,0.8,0.95,0.115,-29.99130483017494,0.020306305367514755,0.020336453207645263,0.595,0.2572375595306508,0.022650732953039304,0.02291772566770349,0.961,0,0,1000
40,250,2500,0.8,0.95,0.12000000000000001,-29.678480551602416,0.020662379232704017,0.02050667415565207,0.584,0.6670257624534608,0.02333165469939657,0.023237280340029455,0.97,0,0,1000
40,250,2500,0.8,0.95,0.125,-29.808499876917015,0.020528104244985686,0.020641571738191745,0.545,0.720318029044531,0.023833139153917392,0.023509042588534326,0.951,0,0,1000
40,250,2500,0.8,0.95,0.13,-29.350833793207773,0.02069489551800734,0.020722668953597808,0.518,1.0198349067055326,0.023704874030177816,0.02369841778518332,0.962,0,0,1000
40,250,2500,0.8,0.95,0.135,-29.75995663684275,0.019935538541158638,0.020540884284349078,0.485,0.12439769436880356,0.023149910292859417,0.023588327161511654,0.967,0,0,1000
40,250,2500,0.8,0.95,0.14,-29.908937488493315,0.020885843572262582,0.020838336092829566,0.456,0.2719741330083664,0.024167768284911278,0.024004540664021537,0.959,0,0,1000
40,250,2500,0.8,0.95,0.14500000000000002,-30.180172417774827,0.021054345336337557,0.020771019362426694,0.419,0.11999078425817648,0.02400043933914137,0.024028146625459712,0.953,0,0,1000
40,250,2500,0.8,0.95,0.15,-29.475906595601945,0.02060254003872799,0.021067412636758456,0.42,0.536739679803037,0.023716426990030348,0.02449304668609364,0.962,0,0,1000
40,250,2500,0.8,0.95,0.155,-29.55609002630545,0.020934704319245562,0.021062547444744874,0.389,0.5863490693860314,0.02445591042866029,0.02459938257095877,0.958,0,0,1000
40,250,2500,0.8,0.95,0.16,-29.209405233100878,0.021954910157267287,0.021260534173202124,0.387,1.2902990660257871,0.02591939705152793,0.024985242025709495,0.95,0,0,1000
40,250,2500,0.8,0.95,0.165,-30.176513566426127,0.021196676432126787,0.021389077486872007,0.334,-0.16193061670265899,0.024966138893683987,0.02514333171682804,0.969,0,0,1000
40,250,2500,0.8,0.95,0.17,-29.677088576469952,0.021622886253201332,0.02169181560281396,0.353,0.7462148356351133,0.025358944058173006,0.025646101231441606,0.972,0,0,1000
40,250,2500,0.8,0.95,0.17500000000000002,-29.05006513431456,0.02221245293206515,0.02177775735591248,0.339,1.2663853798388238,0.026221644247503166,0.025862612610163434,0.957,0,0,1000
40,250,2500,0.8,0.95,0.18000000000000002,-28.908529026804278,0.02236151822316002,0.022003171509514585,0.331,1.5980895733042373,0.026962570292168777,0.0262798476282032,0.957,0,0,1000
40,250,2500,0.8,0.95,0.185,-29.703239728990873,0.02258706008492052,0.02193687675964403,0.284,0.4335040000450605,0.02683666049811553,0.026217981905311515,0.949,0,0,1000
40,250,2500,0.8,0.95,0.19,-29.75938268480572,0.022266537400323392,0.021874447980297976,0.267,0.2272250776259646,0.026641036970212216,0.026233794870474243,0.956,0,0,1000
40,250,2500,0.8,0.95,0.195,-29.56318465861084,0.022947050736691104,0.022397742510970525,0.282,0.8312033163211129,0.027571923318921696,0.02696239145663692,0.949,0,0,1000
40,250,2500,0.8,0.95,0.2,-29.961687425870686,0.02197791292157897,0.022151618551144715,0.237,-0.17670514521114788,0.025839944198017595,0.026686456399487576,0.958,0,0,1000
40,250,2500,0.8,0.99,0.005,11.82974559493212,0.0054989594415711255,0.008203862554034463,0.912,35.07649074253719,0.006152284929464479,0.008646460837819973,0.912,0,0,1000
40,250,2500,0.8,0.99,0.01,-23.30721316677941,0.006635347097147153,0.008510859950910778,0.933,2.653132214221858,0.007817046285780872,0.009143867704078209,0.928,0,0,1000
40,250,2500,0.8,0.99,0.015,-24.235462639355376,0.0075729504274905796,0.008388221641712141,0.932,3.2080969464880553,0.008918823473982032,0.009228049796980073,0.919,0,0,1000
40,250,2500,0.8,0.99,0.02,-30.79335039148765,0.00819522947268749,0.008773572944997091,0.948,-1.4806645246613799,0.009506070078962373,0.009769301659096511,0.954,0,0,1000
40,250,2500,0.8,0.99,0.025,-29.176986875310757,0.008731643245202595,0.008627236480069009,0.933,0.5312059340790848,0.01010579750317558,0.009826185195170114,0.934,0,0,1000
40,250,2500,0.8,0.99,0.030000000000000002,-29.752586129679774,0.009143889586416572,0.008829732295381983,0.898,-0.049488534970126376,0.010568454122582482,0.010193064741213504,0.951,0,0,1000
40,250,2500,0.8,0.99,0.034999999999999996,-29.55057328054428,0.008887203521722111,0.009011576775847161,0.86,-0.0442278129468367,0.010384149869793295,0.010537051423807066,0.963,0,0,1000
40,250,2500,0.8,0.99,0.04,-29.45924556951427,0.009427640891930296,0.009127100816558788,0.8,0.2947746615809994,0.010903599331371376,0.01083162223975224,0.955,0,0,1000
40,250,2500,0.8,0.99,0.045,-30.182804892386432,0.009491526016427054,0.009262863151677037,0.724,-0.3188229939229496,0.01161922688430478,0.011118020778095377,0.944,0,0,1000
40,250,2500,0.8,0.99,0.049999999999999996,-30.33216387936723,0.009529538542363637,0.009399577897655656,0.647,-0.5630503913207213,0.011400112988276279,0.011423500670118382,0.962,0,0,1000
40,250,2500,0.8,0.99,0.055,-29.72165068921438,0.010145650692814348,0.00961633789879763,0.592,0.0856151917949143,0.012375977014922252,0.011799527054639193,0.949,0,0,1000
40,250,2500,0.8,0.99,0.06,-29.15185773925368,0.00997448263243154,0.00984741093423038,0.539,1.6856753268117026,0.012106777910388155,0.012260422226401857,0.968,0,0,1000
40,250,2500,0.8,0.99,0.065,-28.93228072875412,0.009908286191257979,0.009876759665729767,0.495,1.437825305778214,0.012454846971009955,0.012421883948762688,0.956,0,0,1000
40,250,2500,0.8,0.99,0.07,-29.125066130279738,0.009781610087110312,0.010130579394709708,0.452,0.8708777177250262,0.012360274812390054,0.012805451769208198,0.969,0,0,1000
40,250,2500,0.8,0.99,0.07500000000000001,-29.069691964772804,0.01068999797490996,0.010239505112299844,0.417,1.0523161107736099,0.013183966648252011,0.013083526974495772,0.951,0,0,1000
40,250,2500,0.8,0.99,0.08,-29.28033921553234,0.010412891127893118,0.010501325360879934,0.354,1.0396851516168704,0.013522495976479343,0.013489734394053328,0.956,0,0,1000
40,250,2500,0.8,0.99,0.085,-28.899282668595752,0.010381669245735905,0.010780568881520746,0.343,1.5429889174595854,0.013733413022057104,0.013927227765139024,0.969,0,0,1000
40,250,2500,0.8,0.99,0.09000000000000001,-30.181053879087596,0.01116921671069971,0.010831229469525382,0.278,-0.014267268565536997,0.014518076882511837,0.014064297884890158,0.946,0,0,1000
40,250,2500,0.8,0.99,0.095,-30.086633783215355,0.011301069047511528,0.011210420801117636,0.26,0.5234700179889373,0.014620261579098116,0.014602958848352826,0.958,0,0,1000
40,250,2500,0.8,0.99,0.1,-29.662604537167056,0.010865771057304649,0.011263890569793131,0.236,0.6544714533801704,0.01420660176769908,0.014819119747487263,0.969,0,0,1000
40,250,2500,0.8,0.99,0.10500000000000001,-29.802494903469622,0.01126768176301881,0.011549793084238315,0.226,0.6655874128977389,0.015060242751180753,0.015240102755453422,0.951,0,0,1000
40,250,2500,0.8,0.99,0.11,-29.52941621639502,0.011642708845282684,0.01168378694217545,0.221,1.1054547545553834,0.015760007199698015,0.015562967072319885,0.959,0,0,1000
40,250,2500,0.8,0.99,0.115,-29.572358533538065,0.01198164522032423,0.011885715843689932,0.188,0.7364125911169335,0.016116200264677322,0.015867419219398406,0.95,0,0,1000
40,250,2500,0.8,0.99,0.12000000000000001,-29.54784253755788,0.012306738117973254,0.012246388612740553,0.182,0.7474920225067581,0.01650077003868334,0.016361450174975384,0.955,0,0,1000
40,250,2500,0.8,0.99,0.125,-29.385405353566085,0.012349403263509948,0.012339011518246795,0.197,0.9030200195571769,0.01676279431125292,0.016588842723851457,0.946,0,0,1000
40,250,2500,0.8,0.99,0.13,-29.739749445782273,0.012297193233602217,0.012513230249345088,0.144,0.1579798618183393,0.016243165399901643,0.01683105223176117,0.955,0,0,1000
40,250,2500,0.8,0.99,0.135,-29.696729130750704,0.012682463121559488,0.012766237302206902,0.157,0.4793752938807654,0.01691217299592299,0.0172436881557697,0.952,0,0,1000
40,250,2500,0.8,0.99,0.14,-29.63113399517294,0.012701329922092615,0.012932151439541654,0.134,0.30169736507028505,0.017209600476126692,0.017509680603792648,0.95,0,0,1000
40,250,2500,0.8,0.99,0.14500000000000002,-29.37248074568644,0.013408719257440695,0.013202045749497904,0.141,0.8641345015358656,0.017902979318575284,0.017971357319379353,0.956,0,0,1000
40,250,2500,0.8,0.99,0.15,-29.892677774815027,0.01331894058742141,0.01351016342500564,0.131,0.29596675349830015,0.018298801808793154,0.01837420837682055,0.952,0,0,1000
40,250,2500,0.8,0.99,0.155,-29.605669482165265,0.014599378492162281,0.01372647005498576,0.154,0.7395060509743278,0.019455494814027974,0.018720362680935528,0.951,0,0,1000
40,250,2500,0.8,0.99,0.16,-29.31193138001814,0.013803000904236496,0.013789019318605288,0.111,0.719180740632562,0.01851760011402076,0.018907825524502434,0.963,0,0,1000
40,250,2500,0.8,0.99,0.165,-30.177987622962476,0.014143929199147393,0.014034553311212204,0.107,-0.12100947116930075,0.019521166058620566,0.01922995797771095,0.945,0,0,1000
40,250,2500,0.8,0.99,0.17,-29.545785810194833,0.014239511737664337,0.014408376343584934,0.121,0.8533035325064716,0.019455817443844666,0.019785340247108717,0.961,0,0,1000
40,250,2500,0.8,0.99,0.17500000000000002,-29.203033680464586,0.015008733382375456,0.014611914597327427,0.118,1.192862823748229,0.020672839221612643,0.020160637437555307,0.941,0,0,1000
40,250,2500,0.8,0.99,0.18000000000000002,-29.459830789541908,0.01451306376741686,0.014918520870378746,0.103,0.7056790449692928,0.020038784903812577,0.020556339324262124,0.952,0,0,1000
40,250,2500,0.8,0.99,0.185,-29.458323164115647,0.014957535420157162,0.015027778444695043,0.096,0.7346572920872572,0.020710012458696133,0.020785601380659727,0.945,0,0,1000
40,250,2500,0.8,0.99,0.19,-29.105225262344,0.01579729940578973,0.015462325327019728,0.109,1.0764797307925917,0.02162889797093137,0.021402809804736838,0.948,0,0,1000
40,250,2500,0.8,0.99,0.195,-29.68997026593861,0.014842497727841497,0.015512667704499633,0.082,0.5700071412094122,0.020785637840527067,0.021481589307090945,0.952,0,0,1000
40,250,2500,0.8,0.99,0.2,-29.555085013711636,0.01567941965803424,0.01582580229095015,0.096,0.7343547747628715,0.02222500923682631,0.021958700118537216,0.951,0,0,1000
40,250,2500,0.99,0.8,0.005,187.53192755020206,0.019419513064404415,0.03366681949350128,0.947,209.91596827394702,0.02060294119604166,0.034503871246514065,0.949,0,0,1000
40,250,2500,0.99,0.8,0.01,65.34598172135945,0.020334953057495615,0.03350694059194534,0.946,85.55584811308076,0.021462517961707974,0.034333968132587246,0.952,0,0,1000
40,250,2500,0.99,0.8,0.015,24.032920725823768,0.02165384815811372,0.03346892543090819,0.957,44.916107869859026,0.023506765949190822,0.03428375065739233,0.954,0,0,1000
40,250,2500,0.99,0.8,0.02,12.664222489772309,0.024493596581943163,0.033187670402645905,0.94,33.94830836391737,0.026477696886183545,0.03399179677015525,0.929,0,0,1000
40,250,2500,0.99,0.8,0.025,-4.385990297380293,0.023612027087081367,0.03325013191011507,0.951,18.362108021009735,0.026315470474018925,0.03403466705054825,0.949,0,0,1000
40,250,2500,0.99,0.8,0.030000000000000002,-14.18941969990384,0.02435219951521239,0.03307618989357575,0.965,9.396852679047367,0.027125742171678246,0.033850539017627454,0.959,0,0,1000
40,250,2500,0.99,0.8,0.034999999999999996,-16.598500034372343,0.026271166482601593,0.03301738539685287,0.95,7.915469701078038,0.0290974073295652,0.03377624007188935,0.939,0,0,1000
40,250,2500,0.99,0.8,0.04,-15.39878658807123,0.026269276204594766,0.03261617996122331,0.959,11.064868517971192,0.029135079339714653,0.03337310716257233,0.955,0,0,1000
40,250,2500,0.99,0.8,0.045,-23.319944839073116,0.027081606586893774,0.032737161119633464,0.958,3.083838850831087,0.030017222560570978,0.03346470876442264,0.946,0,0,1000
40,250,2500,0.99,0.8,0.049999999999999996,-28.082108705867125,0.02709823636334594,0.032810595991681055,0.951,-0.7528632847261103,0.030228581663232907,0.03351481934990558,0.957,0,0,1000
40,250,2500,0.99,0.8,0.055,-26.18763035605825,0.02862482688461661,0.03268052790262782,0.942,1.479224490013372,0.03139316257940748,0.03336462744836426,0.949,0,0,1000
40,250,2500,0.99,0.8,0.06,-30.850239037857897,0.028386110847692988,0.03282033068418629,0.944,-2.8349098852296573,0.030968022835360487,0.03348466061403442,0.954,0,0,1000
40,250,2500,0.99,0.8,0.065,-25.717947771353497,0.028230242354371552,0.032289644882850924,0.952,2.831187116357855,0.030764677399831044,0.03296434234000367,0.946,0,0,1000
40,250,2500,0.99,0.8,0.07,-28.777863001226986,0.02950215437914664,0.032373344710146544,0.94,0.7907940209019224,0.03119473178270729,0.03300623384818669,0.963,0,0,1000
40,250,2500,0.99,0.8,0.07500000000000001,-30.29128976873294,0.031186003450399548,0.032402994084425735,0.914,-1.210204467247696,0.03395015466466137,0.03302248437324806,0.933,0,0,1000
40,250,2500,0.99,0.8,0.08,-31.33213002578031,0.031034054307159355,0.03236331166795537,0.909,-2.9239218953240433,0.03294487181651524,0.032983479644347675,0.95,0,0,1000
40,250,2500,0.99,0.8,0.085,-29.008086724951156,0.029658413624514136,0.03202963966266268,0.92,0.32188812995540156,0.031238538210877635,0.03262951509474592,0.952,0,0,1000
40,250,2500,0.99,0.8,0.09000000000000001,-30.77717769495679,0.03040631900579503,0.03214896995356488,0.906,-1.4353987657231897,0.03143337780734259,0.03272290524096569,0.958,0,0,1000
40,250,2500,0.99,0.8,0.095,-29.899630493268514,0.03095821345883556,0.031938166705006085,0.894,-0.8488438548245588,0.03231586525601517,0.032508621787714166,0.947,0,0,1000
40,250,2500,0.99,0.8,0.1,-28.872731999465604,0.0314689580669166,0.03176400228346959,0.89,1.070151705305472,0.03287153841578056,0.032306753191576915,0.939,0,0,1000
40,250,2500,0.99,0.8,0.10500000000000001,-31.067522434175686,0.032301402178561735,0.03188977648242849,0.867,-0.9895285111392407,0.03256814979584921,0.03240794598621874,0.952,0,0,1000
40,250,2500,0.99,0.8,0.11,-32.29602642896348,0.031864439907218274,0.031878614812925164,0.848,-2.492581366164186,0.03391295862108771,0.032371945673862895,0.936,0,0,1000
40,250,2500,0.99,0.8,0.115,-30.02505381530238,0.030545746040120777,0.03154288063406928,0.858,-0.012792867927467212,0.031121954189190813,0.0320312041152277,0.955,0,0,1000
40,250,2500,0.99,0.8,0.12000000000000001,-29.62576829048211,0.03106271378498686,0.03139077949890717,0.839,0.26000741646837094,0.031720395087889264,0.03186343644503714,0.946,0,0,1000
40,250,2500,0.99,0.8,0.125,-30.728026441633595,0.030760781160399125,0.03151186576954202,0.826,-0.7342974325497131,0.03134269564285154,0.0319600702201338,0.944,0,0,1000
40,250,2500,0.99,0.8,0.13,-31.57644854762462,0.0319773249009368,0.031559169280747784,0.774,-1.4279232774846995,0.0323613533389658,0.031969761592116945,0.955,0,0,1000
40,250,2500,0.99,0.8,0.135,-30.191433033962646,0.03190944747207331,0.031236959988408926,0.791,-0.37374647059588517,0.03246913142171649,0.031648046621392714,0.943,0,0,1000
40,250,2500,0.99,0.8,0.14,-29.984898034086218,0.029959306928588253,0.031063506543416025,0.787,0.00282534790154879,0.031248830491016052,0.03144756190076108,0.952,0,0,1000
40,250,2500,0.99,0.8,0.14500000000000002,-31.248850236450046,0.030976691630833896,0.03119787779705838,0.738,-1.0643180606143094,0.03143492890129274,0.03154617130322196,0.952,0,0,1000
40,250,2500,0.99,0.8,0.15,-30.49801013894247,0.030846974315516865,0.031019423856548257,0.744,-0.58475469589749,0.030476588165075636,0.0313617734049871,0.963,0,0,1000
40,250,2500,0.99,0.8,0.155,-31.614983415078765,0.03153851944090548,0.031122577717685736,0.691,-1.5358239378686311,0.03233934379447261,0.031436407585122526,0.943,0,0,1000
40,250,2500,0.99,0.8,0.16,-30.70992611654034,0.03052172626549309,0.030829866477514876,0.695,-0.5766523584801487,0.030735450297922073,0.031111610663354956,0.952,0,0,1000
40,250,2500,0.99,0.8,0.165,-30.501312986043693,0.030250766505022918,0.03077303044403938,0.665,-0.46363669949567643,0.030265754846831718,0.031032227787036435,0.953,0,0,1000
40,250,2500,0.99,0.8,0.17,-30.663612467479357,0.029544217749152075,0.03073615883361099,0.649,-0.5590465052889749,0.029847612931314993,0.03098264881134355,0.956,0,0,1000
40,250,2500,0.99,0.8,0.17500000000000002,-31.31052040866658,0.030614524274544804,0.030718620811913764,0.592,-1.2817745898001505,0.030828025856744216,0.030930204424539243,0.948,0,0,1000
40,250,2500,0.99,0.8,0.18000000000000002,-29.704458084830772,0.030618806246093422,0.030342377589799435,0.629,0.29431320406396916,0.03148165671333099,0.03055038039602407,0.944,0,0,1000
40,250,2500,0.99,0.8,0.185,-30.955050428310628,0.030334424365668414,0.030596585937344264,0.552,-0.6070347600392525,0.03072055014408679,0.030760782971992407,0.957,0,0,1000
40,250,2500,0.99,0.8,0.19,-30.40401291728479,0.030368740624400297,0.03036706978805504,0.536,-0.3436910307097182,0.03050931316315201,0.030522199469754367,0.95,0,0,1000
40,250,2500,0.99,0.8,0.195,-30.105781774764427,0.02989256556025146,0.03020477795638245,0.528,-0.14616676533167153,0.02998502953779024,0.030348738640268408,0.947,0,0,1000
40,250,2500,0.99,0.8,0.2,-30.718059986813387,0.02931001952482183,0.030236985623777385,0.471,-0.5513417027218775,0.02927398354774376,0.03032730225937181,0.949,0,0,1000
40,250,2500,0.99,0.95,0.005,53.71229862951509,0.009464727590063515,0.015436839080490313,0.948,74.64379904909393,0.010185230363492127,0.01589106343276034,0.943,0,0,1000
40,250,2500,0.99,0.95,0.01,0.3226442788426334,0.010574143344700082,0.015362452541253848,0.954,23.69330825168875,0.011874476842527971,0.01587925568545794,0.947,0,0,1000
40,250,2500,0.99,0.95,0.015,-12.162827143532493,0.011677608334846433,0.015250638415783831,0.947,12.784255469543034,0.013137005974062036,0.01583262088761738,0.937,0,0,1000
40,250,2500,0.99,0.95,0.02,-19.043577460981734,0.012913463198535927,0.015187028439920475,0.945,6.903928242720653,0.01459443114213137,0.015822978314260487,0.938,0,0,1000
40,250,2500,0.99,0.95,0.025,-24.763845927534387,0.013315215052653314,0.015282513199048437,0.952,3.236736804838297,0.014781379048601221,0.015976944306300745,0.948,0,0,1000
40,250,2500,0.99,0.95,0.030000000000000002,-25.089435029542216,0.013930669154001587,0.015182232195120594,0.929,2.1764070910365816,0.01568983886524877,0.01593081497752992,0.948,0,0,1000
40,250,2500,0.99,0.95,0.034999999999999996,-25.774990985215968,0.014709032759645125,0.015092789410567228,0.929,3.9365769827709656,0.016095308373403856,0.015912278875361518,0.918,0,0,1000
40,250,2500,0.99,0.95,0.04,-29.162991489463803,0.015258534753634924,0.015297632366691644,0.921,0.7596513222560275,0.016954906531989628,0.01615628893691287,0.924,0,0,1000
40,250,2500,0.99,0.95,0.045,-32.137182973934955,0.014978871512684708,0.015387654613675745,0.899,-2.820672223031019,0.016522101780914608,0.016280213337042704,0.93,0,0,1000
40,250,2500,0.99,0.95,0.049999999999999996,-30.033447592485622,0.015045887642955162,0.015245419070716443,0.892,-0.1969624753361127,0.016197796881280476,0.016198119094373173,0.942,0,0,1000
40,250,2500,0.99,0.95,0.055,-30.298021567682706,0.014572762140083512,0.01527503406470635,0.879,-0.675079369105789,0.015629372563006557,0.016268327736244603,0.954,0,0,1000
40,250,2500,0.99,0.95,0.06,-29.628067756308855,0.015353387072205352,0.015199481617671184,0.832,0.12678743176942203,0.01643519419187636,0.016247822235266933,0.943,0,0,1000
40,250,2500,0.99,0.95,0.065,-30.202498940619883,0.01519070161931482,0.015259626784998133,0.804,-0.47933316813393895,0.016374561483851646,0.01634997975967419,0.946,0,0,1000
40,250,2500,0.99,0.95,0.07,-30.270544098993792,0.015050891067620135,0.015243009766715181,0.787,-0.476230936878101,0.01629977559943947,0.016387521627806097,0.954,0,0,1000
40,250,2500,0.99,0.95,0.07500000000000001,-30.45929916864394,0.015677121441498028,0.015268344210766456,0.733,-0.5067853152163996,0.01671104212697317,0.016443310843774348,0.942,0,0,1000
40,250,2500,0.99,0.95,0.08,-30.330920144954987,0.015794726371873194,0.015271532136424328,0.675,-0.5234577153015625,0.01742616116892744,0.016490928943182253,0.929,0,0,1000
40,250,2500,0.99,0.95,0.085,-30.959330864945795,0.015335131354008833,0.015365544776937322,0.634,-0.8148149700560423,0.01642568637644172,0.016616438122219936,0.955,0,0,1000
40,250,2500,0.99,0.95,0.09000000000000001,-31.188737950547324,0.015611635664001547,0.015325823442633286,0.571,-1.3079965287006907,0.016895875976260872,0.016621505704528926,0.948,0,0,1000
40,250,2500,0.99,0.95,0.095,-29.879338568694976,0.014998080051613436,0.015245671153920712,0.55,0.2153095452035663,0.016590271988085364,0.016586389140674698,0.943,0,0,1000
40,250,2500,0.99,0.95,0.1,-29.78143155991697,0.015386151978068112,0.015233352472660437,0.522,0.6321180088101203,0.017003944097303176,0.01662073432733606,0.936,0,0,1000
40,250,2500,0.99,0.95,0.10500000000000001,-30.707147406960946,0.015280845364121472,0.015310253133334603,0.423,-0.8965321492343392,0.016833443425812642,0.01671032659923203,0.953,0,0,1000
40,250,2500,0.99,0.95,0.11,-31.233004646273912,0.015779987986822053,0.015357481066265182,0.379,-1.4060392165320754,0.017568643719219575,0.016792732090923863,0.932,0,0,1000
40,250,2500,0.99,0.95,0.115,-30.432760630035435,0.015291855139935993,0.015313089085594372,0.333,-0.47802834665490274,0.016503645252316873,0.016787655560119453,0.946,0,0,1000
40,250,2500,0.99,0.95,0.12000000000000001,-30.353532936430376,0.015067120984122457,0.01526467876476574,0.288,0.1596633126677363,0.016711837879655567,0.01679017972788541,0.955,0,0,1000
40,250,2500,0.99,0.95,0.125,-30.20731893438151,0.014568189031909845,0.015229811239044915,0.24,-0.1664080113774502,0.016490501320754476,0.01676453974033809,0.953,0,0,1000
40,250,2500,0.99,0.95,0.13,-30.45418654747355,0.015111546712575682,0.015262517186112637,0.209,-0.3705240901520314,0.016675047589838524,0.01683659452674503,0.949,0,0,1000
40,250,2500,0.99,0.95,0.135,-29.931633460137604,0.014810657827264205,0.01525960113675397,0.191,0.1116940321513635,0.016511805840349236,0.016855469816605673,0.954,0,0,1000
40,250,2500,0.99,0.95,0.14,-29.960512618319825,0.015489517091489297,0.015231976967748136,0.166,0.15007877818587081,0.017239913492756692,0.016866488001576693,0.947,0,0,1000
40,250,2500,0.99,0.95,0.14500000000000002,-30.083634368684656,0.01510358098743088,0.01523969282081568,0.13,-0.09231631152789384,0.016711287597262835,0.01690925900313057,0.96,0,0,1000
40,250,2500,0.99,0.95,0.15,-29.849204479522413,0.01564272107095784,0.015242191859831684,0.121,0.4188287644114793,0.017257267453459374,0.0169398642077483,0.938,0,0,1000
40,250,2500,0.99,0.95,0.155,-29.63675210481889,0.01523409486885994,0.015198399431392957,0.092,0.6377240404588772,0.016787139555429133,0.01693573750918697,0.952,0,0,1000
40,250,2500,0.99,0.95,0.16,-29.966598560142828,0.016185579328760857,0.015204544959779244,0.078,0.19706540180280258,0.017626122390900154,0.016944266941629448,0.937,0,0,1000
40,250,2500,0.99,0.95,0.165,-30.254742285573087,0.015006445248703568,0.015243385282927312,0.051,-0.1261413526295237,0.016868127164102357,0.017003474801130226,0.949,0,0,1000
40,250,2500,0.99,0.95,0.17,-30.03290128306078,0.015684558879639366,0.015226554520034916,0.055,-0.1911137410397958,0.017526818076722798,0.01700001512065044,0.939,0,0,1000
40,250,2500,0.99,0.95,0.17500000000000002,-30.00378774909991,0.015173289739065163,0.01520176785017836,0.032,-0.09004005089171699,0.016494324001189494,0.017008139331294105,0.953,0,0,1000
40,250,2500,0.99,0.95,0.18000000000000002,-29.991084918172966,0.014473010015915078,0.015186357905689854,0.016,-0.17462095182470425,0.01576208776459322,0.016997684172456156,0.974,0,0,1000
40,250,2500,0.99,0.95,0.185,-30.25769133362391,0.014496042217446246,0.015211984695141519,0.012,-0.2786340049548397,0.016406702658356635,0.01703618391621942,0.957,0,0,1000
40,250,2500,0.99,0.95,0.19,-29.884056251211003,0.01462460933437737,0.015120110790038863,0.013,0.0259937707249098,0.016504615325858795,0.016976644035894856,0.956,0,0,1000
40,250,2500,0.99,0.95,0.195,-29.9115215821753,0.01487776652445447,0.015292217677800955,0.016,0.096431957955401,0.0165009134937134,0.017148624187931307,0.963,0,0,1000
40,250,2500,0.99,0.95,0.2,-29.892098085458464,0.015478091823091645,0.015178436959866778,0.008,-0.036239661309500626,0.01745290729351813,0.017065596843196886,0.954,0,0,1000
40,250,2500,0.99,0.99,0.005,2.7116837067311246,0.004743767123738385,0.00648726701461792,0.902,27.061282034115102,0.005314432978026719,0.006887119467061906,0.894,0,0,1000
40,250,2500,0.99,0.99,0.01,-27.01396108935903,0.005616878644489988,0.0067463557063638276,0.925,-0.4086587310376741,0.0066296839012030505,0.007312456266714084,0.91,0,0,1000
40,250,2500,0.99,0.99,0.015,-31.419037609025658,0.0063147780676196036,0.006836741202580345,0.939,-3.2960665750276252,0.0073776499403426,0.007553028074684895,0.927,0,0,1000
40,250,2500,0.99,0.99,0.02,-28.93221519975781,0.006819061313523209,0.006814413868818258,0.931,-0.0021611792740301727,0.007966273072314779,0.0077031622996549184,0.909,0,0,1000
40,250,2500,0.99,0.99,0.025,-29.44259218552356,0.006915050264001026,0.00685777143077145,0.912,0.1939994669228895,0.007987395407045062,0.00788781400681148,0.943,0,0,1000
40,250,2500,0.99,0.99,0.030000000000000002,-29.764543933227213,0.00724033639760311,0.006996615720321431,0.829,0.5304094567617351,0.008227066702294923,0.008172775772993971,0.941,0,0,1000
40,250,2500,0.99,0.99,0.034999999999999996,-30.408898462918973,0.007563246091433144,0.007131551320482564,0.744,-0.9618865422159856,0.00880774779873746,0.008412485414157816,0.943,0,0,1000
40,250,2500,0.99,0.99,0.04,-29.118896829092787,0.007180959779812813,0.007120316247995227,0.688,1.5200473161700554,0.008437962617337638,0.008555062609124359,0.937,0,0,1000
40,250,2500,0.99,0.99,0.045,-29.05746080157127,0.0071972902035664695,0.0071537842226621655,0.585,1.4496286509195644,0.008669861579590004,0.008712643660251915,0.941,0,0,1000
40,250,2500,0.99,0.99,0.049999999999999996,-29.600572226615316,0.007632030404028572,0.007301646737807353,0.474,0.365995629408783,0.009213947722334517,0.008941429582817337,0.951,0,0,1000
40,250,2500,0.99,0.99,0.055,-29.844438379400046,0.0075634855421924715,0.007421925073785822,0.363,0.24551077592032727,0.009093959933446697,0.009163247829264538,0.954,0,0,1000
40,250,2500,0.99,0.99,0.06,-29.22334652448626,0.00764500728269603,0.007455183675265931,0.303,0.7091512000627701,0.009450474916794247,0.009285416203196506,0.947,0,0,1000
40,250,2500,0.99,0.99,0.065,-29.17546076320631,0.007575443258168817,0.00751994421092345,0.22,0.8119232297395016,0.009392154831157826,0.009459070650690087,0.952,0,0,1000
40,250,2500,0.99,0.99,0.07,-30.0288096952871,0.007796343599009411,0.007624596468573303,0.163,0.09854981644011725,0.00977935500452655,0.00964677839064031,0.945,0,0,1000
40,250,2500,0.99,0.99,0.07500000000000001,-30.166255404474025,0.007912165515247028,0.007741422897151602,0.117,-0.3543264708447124,0.009799285729537392,0.0098236422555115,0.95,0,0,1000
40,250,2500,0.99,0.99,0.08,-30.28814611713561,0.007829423064202187,0.007837461240915113,0.078,-0.21945419818819242,0.00974620509926134,0.010003185330877823,0.959,0,0,1000
40,250,2500,0.99,0.99,0.085,-29.643902531859602,0.007774702719982049,0.007809168946502425,0.059,-0.16437237638815352,0.009866732485520228,0.010060546415289971,0.961,0,0,1000
40,250,2500,0.99,0.99,0.09000000000000001,-29.990585043403552,0.008164202740213126,0.007938277514260725,0.033,0.09593072760424869,0.010547092307838828,0.010266687044844227,0.942,0,0,1000
40,250,2500,0.99,0.99,0.095,-30.207448065953844,0.00815395483520414,0.008081263780632132,0.026,0.04218603021346584,0.010740888232307623,0.010456010804136153,0.947,0,0,1000
40,250,2500,0.99,0.99,0.1,-29.62003101024298,0.008253707615960596,0.00810504112772328,0.019,0.44333045291174156,0.010569242789864425,0.010563110540947558,0.946,0,0,1000
40,250,2500,0.99,0.99,0.10500000000000001,-30.505505721070225,0.008247305282644057,0.008145324445207264,0.012,-0.7041147839305174,0.010571945388065674,0.010651766821157996,0.959,0,0,1000
40,250,2500,0.99,0.99,0.11,-30.16057796195259,0.008367781275014436,0.008260152431340788,0.017,-0.1565852036699617,0.010973201157486298,0.010843201903201634,0.952,0,0,1000
40,250,2500,0.99,0.99,0.115,-29.893272956261338,0.008131522765873679,0.008259883373414335,0.004,0.49569611682908943,0.01058833519061549,0.010926621254010518,0.952,0,0,1000
40,250,2500,0.99,0.99,0.12000000000000001,-29.99547344038001,0.008373244447242245,0.00834800354593222,0.006,-0.1087399908397101,0.010901274295491526,0.011047553242492151,0.953,0,0,1000
40,250,2500,0.99,0.99,0.125,-29.581929034174202,0.008387029575144051,0.008385960412825902,0.004,0.6017138558593871,0.011134932074545821,0.011172934128650678,0.954,0,0,1000
40,250,2500,0.99,0.99,0.13,-30.175798660045007,0.008495549919421176,0.008444952500730827,0,-0.29570656752048174,0.011299208183064869,0.011246434057286588,0.947,0,0,1000
40,250,2500,0.99,0.99,0.135,-29.796122528480097,0.00907715092660104,0.008503602199489656,0.002,0.09330252606325555,0.011965529999537141,0.011356680034282309,0.944,0,0,1000
40,250,2500,0.99,0.99,0.14,-30.08404494675433,0.008529697843529142,0.008589973473875648,0.001,-0.10577887781502782,0.011611524728738137,0.011485685154024048,0.952,0,0,1000
40,250,2500,0.99,0.99,0.14500000000000002,-29.646129245691952,0.008855818861205926,0.008690930912831327,0.001,0.4441096120114405,0.011596914771018672,0.011635573870728394,0.959,0,0,1000
40,250,2500,0.99,0.99,0.15,-29.928679292332824,0.008806176080615513,0.008746679123667436,0,0.12235432842104081,0.011670549787999855,0.01172293351127309,0.945,0,0,1000
40,250,2500,0.99,0.99,0.155,-29.995433228572708,0.008628609927419525,0.008835923180304595,0.001,0.2159393799824972,0.01143808407676161,0.011856732050497355,0.963,0,0,1000
40,250,2500,0.99,0.99,0.16,-29.78746527399864,0.008994711827912834,0.008879551411636058,0,0.08170383683319543,0.011958378893840512,0.011921321402728289,0.951,0,0,1000
40,250,2500,0.99,0.99,0.165,-29.934213408039653,0.009011421964683752,0.008882079843896848,0,0.059861263900548994,0.012221994845011377,0.011962337850618964,0.954,0,0,1000
40,250,2500,0.99,0.99,0.17,-29.865925842987465,0.008780751392803066,0.008954651540870301,0.001,0.27467594895051495,0.012044549843289816,0.012084362561463896,0.961,0,0,1000
40,250,2500,0.99,0.99,0.17500000000000002,-30.25133312444304,0.008949963976370105,0.009056840017320822,0,-0.22184072599047103,0.01212157727815652,0.012220041062894626,0.965,0,0,1000
40,250,2500,0.99,0.99,0.18000000000000002,-30.018136004920414,0.009107909814101926,0.009157733787079295,0,-0.02355995429014089,0.012537823412086892,0.012323851542754156,0.951,0,0,1000
40,250,2500,0.99,0.99,0.185,-30.074426932706498,0.009021907066549758,0.009139207391422904,0.001,-0.16488808967720828,0.012656138809631623,0.01233846795887021,0.934,0,0,1000
40,250,2500,0.99,0.99,0.19,-30.039560071495448,0.00977090503939345,0.009236597620418239,0,-0.049789160360998244,0.012858463793006102,0.012462929378195473,0.944,0,0,1000
40,250,2500,0.99,0.99,0.195,-29.88781262566749,0.009333045691457336,0.009310533731879143,0,-0.03158650795937339,0.012688607108647868,0.012559441849014284,0.953,0,0,1000
40,250,2500,0.99,0.99,0.2,-29.906520167016197,0.009435940939086477,0.009335422852071572,0,-0.11875284366147376,0.012702697295020516,0.012624947486816038,0.95,0,0,1000
